,Paragraph Text,Binary Emotion Class/Score,Ekman Emotion Class
0,Through the Trapdoor ,"{'labels': ['neutral'], 'scores': [0.9974632]}","{'labels': ['neutral'], 'scores': [0.9990608]}"
1,"In years to come, Harry would never quite remember how he had managed to get through his exams when he half expected Voldemort to come bursting through the door at any moment. Yet the days crept by, and there could be no doubt that Fluffy was still alive and well behind the locked door. ","{'labels': ['neutral'], 'scores': [0.9980856]}","{'labels': ['neutral'], 'scores': [0.99686015]}"
2,"It was sweltering hot, especially in the large classroom where they did their written papers. They had been given special, new quills for the exams, which had been bewitched with an Anticheating spell. ","{'labels': ['neutral'], 'scores': [0.99872404]}","{'labels': ['neutral'], 'scores': [0.99680483]}"
3,"They had practical exams as well. Professor Flitwick called them one by one into his class to see if they could make a pineapple tapdance across a desk. Professor McGonagall watched them turn a mouse into a snuffbox -- points were given for how pretty the snuffbox was, but taken away if it had whiskers. Snape made them all nervous, breathing down their necks while they tried to remember how to make a Forgetfulness potion. ","{'labels': ['negative', 'neutral'], 'scores': [0.7912619, 0.9941413]}","{'labels': ['fear', 'neutral'], 'scores': [0.35927072, 0.98847383]}"
4,"Harry did the best he could, trying to ignore the stabbing pains in his forehead, which had been bothering him ever since his trip into the forest. Neville thought Harry had a bad case of exam nerves because Harry couldn't sleep, but the truth was that Harry kept being woken by his old nightmare, except that it was now worse than ever because there was a hooded figure dripping blood in it. ","{'labels': ['negative', 'neutral'], 'scores': [0.97347033, 0.50775427]}","{'labels': ['neutral'], 'scores': [0.9813255]}"
5,"Maybe it was because they hadn't seen what Harry had seen in the forest, or because they didn't have scars burning on their foreheads, but Ron and Hermione didn't seem as worried about the Stone as Harry. The idea of Voldemort certainly scared them, but he didn't keep visiting them in dreams, and they were so busy with their studying they didn't have much time to fret about what Snape or anyone else might be up to. ","{'labels': ['neutral'], 'scores': [0.9974074]}","{'labels': ['fear', 'neutral'], 'scores': [0.41095316, 0.9851387]}"
6,"Their very last exam was History of Magic. One hour of answering questions about batty old wizards who'd invented selfstirring cauldrons and they'd be free, free for a whole wonderful week until their exam results came out. When the ghost of Professor Binns told them to put down their quills and roll up their parchment, Harry couldn't help cheering with the rest. ","{'labels': ['neutral', 'positive'], 'scores': [0.9774884, 0.32836708]}","{'labels': ['neutral'], 'scores': [0.9967758]}"
7,"""That was far easier than I thought it would be,"" said Hermione as they joined the crowds flocking out onto the sunny grounds. ""I needn't have learned about the 1637 Werewolf Code of Conduct or the uprising of Elfric the Eager."" ","{'labels': ['neutral'], 'scores': [0.996454]}","{'labels': ['neutral'], 'scores': [0.99905866]}"
8,"Hermione always liked to go through their exam papers afterward, but Ron said this made him feel ill, so they wandered down to the lake and flopped under a tree. The Weasley twins and Lee Jordan were tickling the tentacles of a giant squid, which was basking in the warm shallows. ""No more studying,"" Ron sighed happily, stretching out on the grass. ""You could look more cheerful, Harry, we've got a week before we find out how badly we've done, there's no need to worry yet."" ","{'labels': ['positive'], 'scores': [0.9721991]}","{'labels': ['joy', 'neutral'], 'scores': [0.7183132, 0.971823]}"
9,Harry was rubbing his forehead. ,"{'labels': ['neutral'], 'scores': [0.9989465]}","{'labels': ['neutral'], 'scores': [0.9993024]}"
10,"""I wish I knew what this means!"" he burst out angrily. ""My scar keeps hurting -- it's happened before, but never as often as this."" ","{'labels': ['negative'], 'scores': [0.9990056]}","{'labels': ['anger'], 'scores': [0.9975994]}"
11,"""Go to Madam Pomfrey,"" Hermione suggested. ","{'labels': ['neutral'], 'scores': [0.9994363]}","{'labels': ['neutral'], 'scores': [0.9994685]}"
12,"""I'm not ill,"" said Harry. ""I think it's a warning... it means danger's coming..."" ","{'labels': ['neutral'], 'scores': [0.99891865]}","{'labels': ['neutral'], 'scores': [0.99547195]}"
13,"Ron couldn't get worked up, it was too hot. ","{'labels': ['neutral'], 'scores': [0.99918836]}","{'labels': ['neutral'], 'scores': [0.99794585]}"
14,"""Harry, relax, Hermione's right, the Stone's safe as long as Dumbledore's around. Anyway, we've never had any proof Snape found out how to get past Fluffy. He nearly had his leg ripped off once, he's not going to try it again in a hurry. And Neville will play Quidditch for England before Hagrid lets Dumbledore down."" ","{'labels': ['neutral'], 'scores': [0.9997009]}","{'labels': ['neutral'], 'scores': [0.99962544]}"
15,"Harry nodded, but he couldn't shake off a lurking feeling that there was something he'd forgotten to do, something important. When he tried to explain this, Hermione said, ""That's just the exams. I woke up last night and was halfway through my Transfiguration notes before I remembered we'd done that one."" ","{'labels': ['neutral'], 'scores': [0.99938667]}","{'labels': ['neutral'], 'scores': [0.9984097]}"
16,"Harry was quite sure the unsettled feeling didn't have anything to do with work, though. He watched an owl flutter toward the school across the bright blue sky, a note clamped in its mouth. Hagrid was the only one who ever sent him letters. Hagrid would never betray Dumbledore. Hagrid would never tell anyone how to get past Fluffy... never... but... ","{'labels': ['neutral'], 'scores': [0.999423]}","{'labels': ['neutral'], 'scores': [0.9994324]}"
17,Harry suddenly jumped to his feet. ,"{'labels': ['neutral'], 'scores': [0.997373]}","{'labels': ['neutral', 'surprise'], 'scores': [0.3109835, 0.97678024]}"
18,"""Where're you going?"" said Ron sleepily. ","{'labels': ['neutral'], 'scores': [0.95960325]}","{'labels': ['neutral'], 'scores': [0.9912606]}"
19,"""I've just thought of something,"" said Harry. He had turned white. ""We've got to go and see Hagrid, now."" ","{'labels': ['neutral'], 'scores': [0.99940777]}","{'labels': ['neutral'], 'scores': [0.9995233]}"
20,"""Why?"" panted Hermione, hurrying to keep up. ","{'labels': ['neutral', 'positive'], 'scores': [0.91166866, 0.38307646]}","{'labels': ['neutral'], 'scores': [0.9946491]}"
21,"""Don't you think it's a bit odd,"" said Harry, scrambling up the grassy slope, ""that what Hagrid wants more than anything else is a dragon, and a stranger turns up who just happens to have an egg in his pocket? How many people wander around with dragon eggs if it's against wizard law? Lucky they found Hagrid, don't you think? Why didn't I see it before?"" ","{'labels': ['ambiguous'], 'scores': [0.996221]}","{'labels': ['neutral', 'surprise'], 'scores': [0.6213606, 0.97925067]}"
22,"""What are you talking about?"" said Ron, but Harry, sprinting across the grounds toward the forest, didn't answer. ","{'labels': ['neutral'], 'scores': [0.99719954]}","{'labels': ['neutral', 'surprise'], 'scores': [0.9909977, 0.76897204]}"
23,"Hagrid was sitting in an armchair outside his house; his trousers and sleeves were rolled up, and he was shelling peas into a large bowl. ","{'labels': ['neutral'], 'scores': [0.9979608]}","{'labels': ['neutral'], 'scores': [0.99875796]}"
24,"""Hullo,"" he said, smiling. ""Finished yer exams? Got time fer a drink?"" ","{'labels': ['positive'], 'scores': [0.8961962]}","{'labels': ['joy'], 'scores': [0.99905986]}"
25,"""Yes, please,"" said Ron, but Harry cut him off. ","{'labels': ['neutral'], 'scores': [0.9987686]}","{'labels': ['neutral'], 'scores': [0.99894387]}"
26,"""No, we're in a hurry. Hagrid, I've got to ask you something. You know that night you won Norbert? What did the stranger you were playing cards with look like?"" ","{'labels': ['ambiguous', 'negative'], 'scores': [0.48280382, 0.5393094]}","{'labels': ['neutral'], 'scores': [0.99778455]}"
27,"""Dunno,"" said Hagrid casually, ""he wouldn' take his cloak off."" ","{'labels': ['neutral'], 'scores': [0.999548]}","{'labels': ['neutral'], 'scores': [0.99871874]}"
28,He saw the three of them look stunned and raised his eyebrows. ,"{'labels': ['ambiguous'], 'scores': [0.96044827]}","{'labels': ['neutral', 'surprise'], 'scores': [0.98371637, 0.31755286]}"
29,"""It's not that unusual, yeh get a lot o' funny folk in the Hog's Head -- that's one of the pub down in the village. Mighta bin a dragon dealer, mightn' he? I never saw his face, he kept his hood up."" ","{'labels': ['ambiguous', 'neutral'], 'scores': [0.55292773, 0.9905867]}","{'labels': ['surprise'], 'scores': [0.9968749]}"
30,"Harry sank down next to the bowl of peas. ""What did you talk to him about, Hagrid? Did you mention Hogwarts at all?"" ","{'labels': ['ambiguous', 'neutral'], 'scores': [0.56429565, 0.9885598]}","{'labels': ['neutral', 'surprise'], 'scores': [0.991034, 0.59902203]}"
31,"""Mighta come up,"" said Hagrid, frowning as he tried to remember. ""Yeah... he asked what I did, an' I told him I was gamekeeper here... He asked a bit about the sorta creatures I took after... so I told him... an' I said what I'd always really wanted was a dragon... an' then... I can' remember too well, 'cause he kept buyin' me drinks... Let's see... yeah, then he said he had the dragon egg an' we could play cards fer it if I wanted... but he had ter be sure I could handle it, he didn' want it ter go ter any old home... So I told him, after Fluffy, a dragon would be easy..."" ","{'labels': ['neutral'], 'scores': [0.9996215]}","{'labels': ['neutral'], 'scores': [0.99941134]}"
32,"""And did he -- did he seem interested in Fluffy?"" Harry asked, trying to keep his voice calm. ","{'labels': ['ambiguous', 'neutral'], 'scores': [0.9589267, 0.87392014]}","{'labels': ['neutral', 'surprise'], 'scores': [0.970256, 0.92058873]}"
33,"""Well -- yeah -- how many three-headed dogs d'yeh meet, even around Hogwarts? So I told him, Fluffy's a piece o' cake if yeh know how to calm him down, jus' play him a bit o' music an' he'll go straight off ter sleep --"" ","{'labels': ['neutral'], 'scores': [0.99923146]}","{'labels': ['neutral'], 'scores': [0.99954873]}"
34,Hagrid suddenly looked horrified. ,"{'labels': ['negative'], 'scores': [0.99644816]}","{'labels': ['fear'], 'scores': [0.9748039]}"
35,"""I shouldn'ta told yeh that!"" he blurted out. ""Forget I said it! Hey -- where're yeh goin'?"" ","{'labels': ['neutral'], 'scores': [0.9987495]}","{'labels': ['neutral'], 'scores': [0.99941766]}"
36,"Harry, Ron, and Hermione didn't speak to each other at all until they came to a halt in the entrance hall, which seemed very cold and gloomy after the grounds. ","{'labels': ['neutral'], 'scores': [0.99905056]}","{'labels': ['neutral'], 'scores': [0.999132]}"
37,"""We've got to go to Dumbledore,"" said Harry. ""Hagrid told that stranger how to get past Fluffy, and it was either Snape or Voldemort under that cloak -- it must've been easy, once he'd got Hagrid drunk. I just hope Dumbledore believes us. Firenze might back us up if Bane doesn't stop him. Where's Dumbledore's office?"" ","{'labels': ['positive'], 'scores': [0.9960199]}","{'labels': ['joy', 'neutral'], 'scores': [0.8098199, 0.9502636]}"
38,"They looked around, as if hoping to see a sign pointing them in the right direction. They had never been told where Dumbledore lived, nor did they know anyone who had been sent to see him. ","{'labels': ['neutral'], 'scores': [0.99960715]}","{'labels': ['neutral'], 'scores': [0.9979843]}"
39,"""We'll just have to --"" Harry began, but a voice suddenly rang across the hall. ","{'labels': ['ambiguous', 'neutral'], 'scores': [0.52055424, 0.98760986]}","{'labels': ['neutral'], 'scores': [0.9987925]}"
40,"""What are you three doing inside?"" ","{'labels': ['ambiguous'], 'scores': [0.9964072]}","{'labels': ['surprise'], 'scores': [0.99824655]}"
41,"It was Professor McGonagall, carrying a large pile of books. ","{'labels': ['neutral'], 'scores': [0.99877995]}","{'labels': ['neutral'], 'scores': [0.99830794]}"
42,"""We want to see Professor Dumbledore,"" said Hermione, rather bravely, Harry and Ron thought. ","{'labels': ['positive'], 'scores': [0.99633527]}","{'labels': ['joy', 'neutral'], 'scores': [0.9935721, 0.52941287]}"
43,"""See Professor Dumbledore?"" Professor McGonagall repeated, as though this was a very fishy thing to want to do. ""Why?"" ","{'labels': ['neutral'], 'scores': [0.99886227]}","{'labels': ['neutral'], 'scores': [0.9449273]}"
44,Harry swallowed -- now what? ,"{'labels': ['neutral'], 'scores': [0.99949896]}","{'labels': ['neutral'], 'scores': [0.9988102]}"
45,"""It's sort of secret,"" he said, but he wished at once he hadn't, because Professor McGonagall's nostrils flared. ","{'labels': ['neutral'], 'scores': [0.99959046]}","{'labels': ['neutral'], 'scores': [0.9992873]}"
46,"""Professor Dumbledore left ten minutes ago,"" she said coldly. ""He received an urgent owl from the Ministry of Magic and flew off for London at once."" ","{'labels': ['negative'], 'scores': [0.9949837]}","{'labels': ['anger', 'neutral'], 'scores': [0.6733164, 0.9680747]}"
47,"""He's gone?"" said Harry frantically. ""Now?"" ","{'labels': ['negative'], 'scores': [0.7334524]}","{'labels': ['surprise'], 'scores': [0.9989371]}"
48,"""Professor Dumbledore is a very great wizard, Potter, he has many demands on his time - "" ","{'labels': ['positive'], 'scores': [0.9982077]}","{'labels': ['joy'], 'scores': [0.9994584]}"
49,"""But this is important."" ","{'labels': ['neutral', 'positive'], 'scores': [0.7440198, 0.99647325]}","{'labels': ['joy', 'neutral'], 'scores': [0.9150183, 0.95610446]}"
50,"""Something you have to say is more important than the Ministry of Magic, Potter?"" ","{'labels': ['neutral'], 'scores': [0.9982627]}","{'labels': ['neutral'], 'scores': [0.9994677]}"
51,"""Look,"" said Harry, throwing caution to the winds, ""Professor -- it's about the Sorcerer's Stone --"" ","{'labels': ['neutral'], 'scores': [0.9995183]}","{'labels': ['neutral'], 'scores': [0.99871075]}"
52,"Whatever Professor McGonagall had expected, it wasn't that. The books she was carrying tumbled out of her arms, but she didn't pick them up. ","{'labels': ['neutral'], 'scores': [0.99925476]}","{'labels': ['neutral'], 'scores': [0.99925333]}"
53,"""How do you know --?"" she spluttered. ","{'labels': ['ambiguous'], 'scores': [0.9965403]}","{'labels': ['neutral', 'surprise'], 'scores': [0.63308376, 0.9416892]}"
54,"""Professor, I think -- I know -- that Sn-- that someone's going to try and steal the Stone. I've got to talk to Professor Dumbledore."" ","{'labels': ['neutral'], 'scores': [0.9979169]}","{'labels': ['neutral'], 'scores': [0.9995395]}"
55,She eyed him with a mixture of shock and suspicion. ,"{'labels': ['ambiguous'], 'scores': [0.99803096]}","{'labels': ['surprise'], 'scores': [0.99862444]}"
56,"""Professor Dumbledore will be back tomorrow,"" she said finally. ""I don't know how you found out about the Stone, but rest assured, no one can possibly steal it, it's too well protected."" ","{'labels': ['neutral'], 'scores': [0.999041]}","{'labels': ['neutral'], 'scores': [0.9986089]}"
57,"""But Professor --"" ","{'labels': ['neutral'], 'scores': [0.9995864]}","{'labels': ['neutral'], 'scores': [0.99943715]}"
58,"""Potter, I know what I'm talking about,"" she said shortly. She bent down and gathered up the fallen books. ""I suggest you all go back outside and enjoy the sunshine."" ","{'labels': ['positive'], 'scores': [0.99893814]}","{'labels': ['joy'], 'scores': [0.99923396]}"
59,But they didn't. ,"{'labels': ['neutral'], 'scores': [0.9950086]}","{'labels': ['neutral'], 'scores': [0.99810106]}"
60,"""It's tonight,"" said Harry, once he was sure Professor McGonagall was out of earshot. ""Snape's going through the trapdoor tonight. He's found out everything he needs, and now he's got Dumbledore out of the way. He sent that note, I bet the Ministry of Magic will get a real shock when Dumbledore turns up."" ","{'labels': ['neutral'], 'scores': [0.9995296]}","{'labels': ['neutral', 'surprise'], 'scores': [0.9743698, 0.70191383]}"
61,"""But what can we --"" ","{'labels': ['ambiguous', 'neutral'], 'scores': [0.7236242, 0.98840976]}","{'labels': ['neutral', 'surprise'], 'scores': [0.4525844, 0.9788648]}"
62,Hermione gasped. Harry and Ron wheeled round. ,"{'labels': ['neutral'], 'scores': [0.9993592]}","{'labels': ['neutral'], 'scores': [0.99897206]}"
63,Snape was standing there. ,"{'labels': ['negative', 'neutral'], 'scores': [0.96741486, 0.99610716]}","{'labels': ['neutral'], 'scores': [0.9992631]}"
64,"""Good afternoon,"" he said smoothly. ","{'labels': ['neutral', 'positive'], 'scores': [0.95618725, 0.8363905]}","{'labels': ['joy', 'neutral'], 'scores': [0.8617834, 0.9744947]}"
65,They stared at him. ,"{'labels': ['neutral'], 'scores': [0.99914837]}","{'labels': ['neutral'], 'scores': [0.99894303]}"
66,"""You shouldn't be inside on a day like this,"" he said, with an odd, twisted smile. ","{'labels': ['negative', 'neutral'], 'scores': [0.9891195, 0.9804565]}","{'labels': ['neutral'], 'scores': [0.9990336]}"
67,"""We were --"" Harry began, without any idea what he was going to say. ","{'labels': ['ambiguous', 'neutral'], 'scores': [0.99139106, 0.5544341]}","{'labels': ['surprise'], 'scores': [0.99708396]}"
68,"""You want to be more careful,"" said Snape. ""Hanging around like this, people will think you're up to something. And Gryffindor really can't afford to lose any more points, can it?"" ","{'labels': ['neutral'], 'scores': [0.9972357]}","{'labels': ['neutral', 'surprise'], 'scores': [0.74604684, 0.9863494]}"
69,"Harry flushed. They turned to go outside, but Snape called them back. ","{'labels': ['negative', 'neutral'], 'scores': [0.42863074, 0.9981193]}","{'labels': ['neutral'], 'scores': [0.9980957]}"
70,"""Be warned, Potter -- any more nighttime wanderings and I will personally make sure you are expelled. Good day to you."" ","{'labels': ['negative', 'neutral'], 'scores': [0.51813716, 0.98553085]}","{'labels': ['joy', 'neutral'], 'scores': [0.915046, 0.6800246]}"
71,He strode off in the direction of the staffroom. ,"{'labels': ['neutral'], 'scores': [0.9994148]}","{'labels': ['neutral'], 'scores': [0.99788946]}"
72,"Out on the stone steps, Harry turned to the others. ","{'labels': ['neutral'], 'scores': [0.99857914]}","{'labels': ['neutral'], 'scores': [0.9992467]}"
73,"""Right, here's what we've got to do,"" he whispered urgently. ""One of us has got to keep an eye on Snape -- wait outside the staff room and follow him if he leaves it. Hermione, you'd better do that."" ","{'labels': ['neutral'], 'scores': [0.99964786]}","{'labels': ['neutral'], 'scores': [0.99912375]}"
74,"""Why me?"" ","{'labels': ['neutral'], 'scores': [0.9971029]}","{'labels': ['neutral'], 'scores': [0.9987086]}"
75,"""It's obvious,"" said Ron. ""You can pretend to be waiting for Professor Flitwick, you know."" He put on a high voice, ""'Oh Professor Flitwick, I'm so worried, I think I got question fourteen b wrong... '"" ","{'labels': ['negative'], 'scores': [0.9982967]}","{'labels': ['fear', 'neutral'], 'scores': [0.9536931, 0.47132996]}"
76,"""Oh, shut up,"" said Hermione, but she agreed to go and watch out for Snape. ","{'labels': ['neutral'], 'scores': [0.9948087]}","{'labels': ['neutral'], 'scores': [0.99267733]}"
77,"""And we'd better stay outside the third-floor corridor,"" Harry told Ron. ""Come on."" ","{'labels': ['neutral'], 'scores': [0.9993187]}","{'labels': ['neutral'], 'scores': [0.9988391]}"
78,"But that part of the plan didn't work. No sooner had they reached the door separating Fluffy from the rest of the school than Professor McGonagall turned up again and this time, she lost her temper. ","{'labels': ['negative'], 'scores': [0.99205184]}","{'labels': ['anger'], 'scores': [0.9244664]}"
79,"""I suppose you think you're harder to get past than a pack of enchantments!"" she stormed. ""Enough of this nonsense! If I hear you've come anywhere near here again, I'll take another fifty points from Gryffindor! Yes, Weasley, from my own house!"" ","{'labels': ['neutral'], 'scores': [0.9985241]}","{'labels': ['neutral'], 'scores': [0.99891853]}"
80,"Harry and Ron went back to the common room, Harry had just said, ""At least Hermione's on Snape's tail,"" when the portrait of the Fat Lady swung open and Hermione came in. ","{'labels': ['neutral'], 'scores': [0.9993511]}","{'labels': ['neutral'], 'scores': [0.9995277]}"
81,"""I'm sorry, Harry!"" she wailed. ""Snape came out and asked me what I was doing, so I said I was waiting for Flitwick, and Snape went to get him, and I've only just got away, I don't know where Snape went."" ","{'labels': ['negative', 'neutral'], 'scores': [0.98879135, 0.9707685]}","{'labels': ['sadness'], 'scores': [0.99554586]}"
82,"""Well, that's it then, isn't it?"" Harry said. ","{'labels': ['ambiguous', 'neutral'], 'scores': [0.3036026, 0.9401596]}","{'labels': ['neutral', 'surprise'], 'scores': [0.8952518, 0.90949273]}"
83,The other two stared at him. He was pale and his eyes were glittering. ,"{'labels': ['neutral'], 'scores': [0.9980677]}","{'labels': ['neutral'], 'scores': [0.9969927]}"
84,"""I'm going out of here tonight and I'm going to try and get to the Stone first."" ","{'labels': ['neutral'], 'scores': [0.9994103]}","{'labels': ['neutral'], 'scores': [0.9994804]}"
85,"""You're mad!"" said Ron. ","{'labels': ['neutral'], 'scores': [0.9975079]}","{'labels': ['anger', 'neutral'], 'scores': [0.36205298, 0.9950157]}"
86,"""You can't!"" said Hermione. ""After what McGonagall and Snape have said? You'll be expelled!"" ","{'labels': ['negative', 'neutral'], 'scores': [0.8291751, 0.9825401]}","{'labels': ['neutral'], 'scores': [0.998047]}"
87,"""SO WHAT"" Harry shouted. ""Don't you understand? If Snape gets hold of the Stone, Voldemort's coming back! Haven't you heard what it was like when he was trying to take over? There won't be any Hogwarts to get expelled from! He'll flatten it, or turn it into a school for the Dark Arts! Losing points doesn't matter anymore, can't you see? D'you think he'll leave you and your families alone if Gryffindor wins the house cup? If I get caught before I can get to the Stone, well, I'll have to go back to the Dursleys and wait for Voldemort to find me there, it's only dying a bit later than I would have, because I'm never going over to the Dark Side! I'm going through that trapdoor tonight and nothing you two say is going to stop me! Voldemort killed my parents, remember?"" ","{'labels': ['negative'], 'scores': [0.99052364]}","{'labels': ['neutral'], 'scores': [0.9884858]}"
88,He glared at them. ,"{'labels': ['neutral'], 'scores': [0.9989561]}","{'labels': ['neutral'], 'scores': [0.99741024]}"
89,"""You're right Harry,"" said Hermione in a small voice. ","{'labels': ['positive'], 'scores': [0.9988845]}","{'labels': ['joy'], 'scores': [0.99813]}"
90,"""I'll use the invisibility cloak,"" said Harry. ""It's just lucky I got it back."" ","{'labels': ['positive'], 'scores': [0.99864787]}","{'labels': ['joy'], 'scores': [0.9972606]}"
91,"""But will it cover all three of us?"" said Ron. ","{'labels': ['ambiguous'], 'scores': [0.9965821]}","{'labels': ['neutral'], 'scores': [0.9980603]}"
92,"""All -- all three of us?"" ","{'labels': ['neutral'], 'scores': [0.99613106]}","{'labels': ['neutral'], 'scores': [0.99895334]}"
93,"""Oh, come off it, you don't think we'd let you go alone?"" ","{'labels': ['neutral'], 'scores': [0.99879396]}","{'labels': ['neutral', 'surprise'], 'scores': [0.9905405, 0.45213962]}"
94,"""Of course not,"" said Hermione briskly. ""How do you think you'd get to the Stone without us? I'd better go and look through my books, there might be something useful..."" ","{'labels': ['neutral'], 'scores': [0.4853935]}","{'labels': ['neutral'], 'scores': [0.99142116]}"
95,"""But if we get caught, you two will be expelled, too."" ","{'labels': ['neutral'], 'scores': [0.9991233]}","{'labels': ['neutral'], 'scores': [0.99524575]}"
96,"""Not if I can help it,"" said Hermione grimly. ""Flitwick told me in secret that I got a hundred and twelve percent on his exam. They're not throwing me out after that."" ","{'labels': ['neutral'], 'scores': [0.999405]}","{'labels': ['neutral'], 'scores': [0.9978688]}"
97,"After dinner the three of them sat nervously apart in the common room. Nobody bothered them; none of the Gryffindors had anything to say to Harry any more, after all. This was the first night he hadn't been upset by it. Hermione was skimming through all her notes, hoping to come across one of the enchantments they were about to try to break. Harry and Ron didn't talk much. Both of them were thinking about what they were about to do. ","{'labels': ['neutral'], 'scores': [0.99949837]}","{'labels': ['neutral'], 'scores': [0.9974794]}"
98,"Slowly, the room emptied as people drifted off to bed. ","{'labels': [], 'scores': []}","{'labels': ['neutral'], 'scores': [0.9978219]}"
99,"""Better get the cloak,"" Ron muttered, as Lee Jordan finally left, stretching and yawning. Harry ran upstairs to their dark dormitory. He pulled out the cloak and then his eyes fell on the flute Hagrid had given him for Christmas. He pocketed it to use on Fluffy -- he didn't feel much like singing. ","{'labels': ['neutral'], 'scores': [0.99941885]}","{'labels': ['neutral'], 'scores': [0.9988888]}"
100,He ran back down to the common room. ,"{'labels': ['neutral'], 'scores': [0.9990551]}","{'labels': ['neutral'], 'scores': [0.99859124]}"
101,"""We'd better put the cloak on here, and make sure it covers all three of us - if Filch spots one of our feet wandering along on its own --"" ","{'labels': ['neutral'], 'scores': [0.9995092]}","{'labels': ['neutral'], 'scores': [0.99935514]}"
102,"""What are you doing?"" said a voice from the corner of the room. Neville appeared from behind an armchair, clutching Trevor the toad, who looked as though he'd been making another bid for freedom. ","{'labels': ['neutral'], 'scores': [0.99892575]}","{'labels': ['neutral'], 'scores': [0.9989729]}"
103,"""Nothing, Neville, nothing,"" said Harry, hurriedly putting the cloak behind his back. ","{'labels': ['neutral'], 'scores': [0.9991072]}","{'labels': ['neutral'], 'scores': [0.9989434]}"
104,Neville stared at their guilty faces. ,"{'labels': ['neutral'], 'scores': [0.9810074]}","{'labels': ['neutral', 'sadness'], 'scores': [0.8788519, 0.8195225]}"
105,"""You're going out again,"" he said. ","{'labels': ['neutral'], 'scores': [0.9991334]}","{'labels': ['neutral'], 'scores': [0.9990031]}"
106,"""No, no, no,"" said Hermione. ""No, we're not. Why don't you go to bed, Neville?"" ","{'labels': ['neutral'], 'scores': [0.9986488]}","{'labels': ['neutral'], 'scores': [0.9992355]}"
107,"Harry looked at the grandfather clock by the door. They couldn't afford to waste any more time, Snape might even now be playing Fluffy to sleep. ","{'labels': ['neutral'], 'scores': [0.99861526]}","{'labels': ['neutral'], 'scores': [0.9989849]}"
108,"""You can't go out,"" said Neville, ""you'll be caught again. Gryffindor will be in even more trouble."" ","{'labels': ['neutral'], 'scores': [0.9987023]}","{'labels': ['neutral'], 'scores': [0.9981141]}"
109,"""You don't understand,"" said Harry, ""this is important."" ","{'labels': ['neutral', 'positive'], 'scores': [0.9965964, 0.6798292]}","{'labels': ['neutral'], 'scores': [0.9992483]}"
110,But Neville was clearly steeling himself to do something desperate. ,"{'labels': ['neutral', 'positive'], 'scores': [0.9971295, 0.66613084]}","{'labels': ['neutral'], 'scores': [0.9994386]}"
111,"""I won't let you do it,"" he said, hurrying to stand in front of the portrait hole. ""I'll -- I'll fight you!"" ","{'labels': ['negative'], 'scores': [0.99834883]}","{'labels': ['anger', 'neutral'], 'scores': [0.5532857, 0.98924166]}"
112,"""Neville, ""Ron exploded, ""get away from that hole and don't be an idiot --"" ","{'labels': ['negative', 'neutral'], 'scores': [0.8851487, 0.9467786]}","{'labels': ['anger', 'neutral'], 'scores': [0.8325716, 0.93050635]}"
113,"""Don't you call me an idiot!"" said Neville. ""I don't think you should be breaking any more rules! And you were the one who told me to stand up to people!"" ","{'labels': ['negative', 'neutral'], 'scores': [0.97797376, 0.8910526]}","{'labels': ['anger'], 'scores': [0.9870798]}"
114,"""Yes, but not to us,"" said Ron in exasperation. ""Neville, you don't know what you're doing."" ","{'labels': ['negative', 'neutral'], 'scores': [0.39781412, 0.97625184]}","{'labels': ['anger', 'neutral'], 'scores': [0.30928704, 0.9940252]}"
115,"He took a step forward and Neville dropped Trevor the toad, who leapt out of sight. ","{'labels': ['neutral'], 'scores': [0.9991061]}","{'labels': ['neutral'], 'scores': [0.9995271]}"
116,"""Go on then, try and hit me!"" said Neville, raising his fists. ""I'm ready!"" ","{'labels': ['neutral'], 'scores': [0.9993518]}","{'labels': ['neutral'], 'scores': [0.9960334]}"
117,Harry turned to Hermione. ,"{'labels': ['neutral'], 'scores': [0.99930465]}","{'labels': ['neutral'], 'scores': [0.999313]}"
118,"""Do something,"" he said desperately. ","{'labels': ['neutral'], 'scores': [0.995366]}","{'labels': ['neutral'], 'scores': [0.98965174]}"
119,Hermione stepped forward. ,"{'labels': ['neutral'], 'scores': [0.9993936]}","{'labels': ['neutral'], 'scores': [0.99893576]}"
120,"""Neville,"" she said, ""I'm really, really sorry about this."" ","{'labels': ['negative'], 'scores': [0.9989825]}","{'labels': ['sadness'], 'scores': [0.9977617]}"
121,She raised her wand. ,"{'labels': ['neutral'], 'scores': [0.99899787]}","{'labels': ['neutral'], 'scores': [0.99912745]}"
122,"""Petrificus Totalus!"" she cried, pointing it at Neville. ","{'labels': ['neutral'], 'scores': [0.99890196]}","{'labels': ['neutral'], 'scores': [0.9984648]}"
123,"Neville's arms snapped to his sides. His legs sprang together. His whole body rigid, he swayed where he stood and then fell flat on his face, stiff as a board. ","{'labels': ['neutral'], 'scores': [0.99905294]}","{'labels': ['neutral'], 'scores': [0.99939597]}"
124,"Hermione ran to turn him over. Neville's jaws were jammed together so he couldn't speak. Only his eyes were moving, looking at them in horror. ","{'labels': ['negative'], 'scores': [0.99736243]}","{'labels': ['fear'], 'scores': [0.9348324]}"
125,"""What've you done to him?"" Harry whispered. ","{'labels': ['neutral'], 'scores': [0.99907684]}","{'labels': ['neutral'], 'scores': [0.9977964]}"
126,"""It's the full Body-Bind,"" said Hermione miserably. ""Oh, Neville, I'm so sorry."" ","{'labels': ['negative'], 'scores': [0.998949]}","{'labels': ['sadness'], 'scores': [0.9964013]}"
127,"""We had to, Neville, no time to explain,"" said Harry. ","{'labels': ['neutral'], 'scores': [0.99941874]}","{'labels': ['neutral'], 'scores': [0.9995005]}"
128,"""You'll understand later, Neville,"" said Ron as they stepped over him and pulled on the invisibility cloak. ","{'labels': ['neutral'], 'scores': [0.99951565]}","{'labels': ['neutral'], 'scores': [0.99901974]}"
129,"But leaving Neville lying motionless on the floor didn't feel like a very good omen. In their nervous state, every statue's shadow looked like Filch, every distant breath of wind sounded like Peeves swooping down on them. At the foot of the first set of stairs, they spotted Mrs. Norris skulking near the top. ","{'labels': ['neutral'], 'scores': [0.99943405]}","{'labels': ['fear', 'neutral'], 'scores': [0.8776396, 0.8925077]}"
130,"""Oh, let's kick her, just this once,"" Ron whispered in Harry's ear, but Harry shook his head. As they climbed carefully around her, Mrs. Norris turned her lamplike eyes on them, but didn't do anything. ","{'labels': ['neutral'], 'scores': [0.9992101]}","{'labels': ['neutral'], 'scores': [0.9994122]}"
131,"They didn't meet anyone else until they reached the staircase up to the third floor. Peeves was bobbing halfway up, loosening the carpet so that people would trip. ","{'labels': ['neutral'], 'scores': [0.9984503]}","{'labels': ['neutral'], 'scores': [0.9993537]}"
132,"""Who's there?"" he said suddenly as they climbed toward him. He narrowed his wicked black eyes. ""Know you're there, even if I can't see you. Are you ghoulie or ghostie or wee student beastie?"" ","{'labels': ['ambiguous'], 'scores': [0.9972868]}","{'labels': ['surprise'], 'scores': [0.99676216]}"
133,"He rose up in the air and floated there, squinting at them. ","{'labels': ['neutral'], 'scores': [0.9987716]}","{'labels': ['neutral'], 'scores': [0.99919766]}"
134,"""Should call Filch, I should, if something's a-creeping around unseen."" ","{'labels': ['neutral'], 'scores': [0.999366]}","{'labels': ['neutral'], 'scores': [0.9993456]}"
135,Harry had a sudden idea. ,"{'labels': ['ambiguous', 'neutral'], 'scores': [0.85227865, 0.9826797]}","{'labels': ['neutral', 'surprise'], 'scores': [0.3745336, 0.99325037]}"
136,"""Peeves,"" he said, in a hoarse whisper, ""the Bloody Baron has his own reasons for being invisible."" ","{'labels': ['negative', 'neutral'], 'scores': [0.99337304, 0.98735875]}","{'labels': ['anger', 'neutral'], 'scores': [0.8046496, 0.98320967]}"
137,Peeves almost fell out of the air in shock. He caught himself in time and hovered about a foot off the stairs. ,"{'labels': ['ambiguous', 'neutral'], 'scores': [0.9888904, 0.4552802]}","{'labels': ['surprise'], 'scores': [0.99627775]}"
138,"""So sorry, your bloodiness, Mr. Baron, Sir,"" he said greasily. ""My mistake, my mistake -- I didn't see you -- of course I didn't, you're invisible -- forgive old Peevsie his little joke, sir."" ","{'labels': ['negative'], 'scores': [0.99478227]}","{'labels': ['sadness'], 'scores': [0.9964561]}"
139,"""I have business here, Peeves,"" croaked Harry. ""Stay away from this place tonight."" ","{'labels': ['negative', 'neutral'], 'scores': [0.9864748, 0.9937598]}","{'labels': ['neutral'], 'scores': [0.99626935]}"
140,"""I will, sir, I most certainly will,"" said Peeves, rising up in the air again. ""Hope your business goes well, Baron, I'll not bother you."" ","{'labels': ['positive'], 'scores': [0.998346]}","{'labels': ['joy'], 'scores': [0.99464697]}"
141,And he scooted off. ,"{'labels': ['neutral'], 'scores': [0.9990656]}","{'labels': ['neutral'], 'scores': [0.9995086]}"
142,"""Brilliant, Harry!"" whispered Ron. ","{'labels': ['positive'], 'scores': [0.99913186]}","{'labels': ['joy'], 'scores': [0.9984237]}"
143,"A few seconds later, they were there, outside the third-floor corridor -- and the door was already ajar. ","{'labels': ['neutral'], 'scores': [0.9990017]}","{'labels': ['neutral'], 'scores': [0.999212]}"
144,"""Well, there you are,"" Harry said quietly, ""Snape's already got past Fluffy."" Seeing the open door somehow seemed to impress upon all three of them what was facing them. Underneath the cloak, Harry turned to the other two. ","{'labels': ['neutral'], 'scores': [0.99947447]}","{'labels': ['neutral'], 'scores': [0.9994948]}"
145,"""If you want to go back, I won't blame you,"" he said. ""You can take the cloak, I won't need it now."" ","{'labels': ['neutral'], 'scores': [0.99909616]}","{'labels': ['neutral'], 'scores': [0.9994537]}"
146,"""Don't be stupid,"" said Ron. ","{'labels': ['neutral'], 'scores': [0.95965606]}","{'labels': ['neutral'], 'scores': [0.9894047]}"
147,"""We're coming,"" said Hermione. ","{'labels': ['neutral'], 'scores': [0.9996087]}","{'labels': ['neutral'], 'scores': [0.99927145]}"
148,Harry pushed the door open. ,"{'labels': ['neutral'], 'scores': [0.99859124]}","{'labels': ['neutral'], 'scores': [0.9991372]}"
149,"As the door creaked, low, rumbling growls met their ears. All three of the dog's noses sniffed madly in their direction, even though it couldn't see them. ","{'labels': ['neutral'], 'scores': [0.99883884]}","{'labels': ['neutral'], 'scores': [0.99621576]}"
150,"""What's that at its feet?"" Hermione whispered. ","{'labels': ['neutral'], 'scores': [0.9990408]}","{'labels': ['neutral'], 'scores': [0.9978452]}"
151,"""Looks like a harp,"" said Ron. ""Snape must have left it there."" ","{'labels': ['neutral'], 'scores': [0.9993655]}","{'labels': ['neutral'], 'scores': [0.99952674]}"
152,"""It must wake up the moment you stop playing,"" said Harry. ""Well, here goes..."" ","{'labels': ['neutral'], 'scores': [0.99959165]}","{'labels': ['neutral'], 'scores': [0.9992749]}"
153,"He put Hagrid's flute to his lips and blew. It wasn't really a tune, but from the first note the beast's eyes began to droop. Harry hardly drew breath. Slowly, the dog's growls ceased -- it tottered on its paws and fell to its knees, then it slumped to the ground, fast asleep. ","{'labels': ['neutral'], 'scores': [0.99952745]}","{'labels': ['neutral'], 'scores': [0.998485]}"
154,"""Keep playing,"" Ron warned Harry as they slipped out of the cloak and crept toward the trapdoor. They could feel the dog's hot, smelly breath as they approached the giant heads. ""I think we'll be able to pull the door open,"" said Ron, peering over the dog's back. ""Want to go first, Hermione?"" ","{'labels': ['neutral'], 'scores': [0.9996829]}","{'labels': ['neutral'], 'scores': [0.99961406]}"
155,"""No, I don't!"" ","{'labels': ['negative'], 'scores': [0.9988055]}","{'labels': ['anger'], 'scores': [0.9957587]}"
156,"""All right."" Ron gritted his teeth and stepped carefully over the dog's legs. He bent and pulled the ring of the trapdoor, which swung up and open. ","{'labels': ['neutral'], 'scores': [0.9995009]}","{'labels': ['neutral'], 'scores': [0.9995403]}"
157,"""What can you see?"" Hermione said anxiously. ","{'labels': ['neutral'], 'scores': [0.92923844]}","{'labels': ['fear', 'neutral'], 'scores': [0.3579388, 0.7933034]}"
158,"""Nothing -- just black -- there's no way of climbing down, we'll just have to drop."" ","{'labels': ['neutral'], 'scores': [0.99927324]}","{'labels': ['neutral'], 'scores': [0.99959177]}"
159,"Harry, who was still playing the flute, waved at Ron to get his attention and pointed at himself. ","{'labels': ['neutral'], 'scores': [0.9995454]}","{'labels': ['neutral'], 'scores': [0.99948055]}"
160,"""You want to go first? Are you sure?"" said Ron. ""I don't know how deep this thing goes. Give the flute to Hermione so she can keep him asleep."" ","{'labels': ['neutral'], 'scores': [0.9984503]}","{'labels': ['neutral'], 'scores': [0.9987772]}"
161,"Harry handed the flute over. In the few seconds' silence, the dog growled and twitched, but the moment Hermione began to play, it fell back into its deep sleep. Harry climbed over it and looked down through the trapdoor. There was no sign of the bottom. ","{'labels': ['neutral'], 'scores': [0.9992675]}","{'labels': ['neutral'], 'scores': [0.9991872]}"
162,"He lowered himself through the hole until he was hanging on by his fingertips. Then he looked up at Ron and said, ""If anything happens to me, don't follow. Go straight to the owlery and send Hedwig to Dumbledore, right?"" ","{'labels': ['neutral'], 'scores': [0.9996191]}","{'labels': ['neutral'], 'scores': [0.99945694]}"
163,"""Right,"" said Ron. ","{'labels': ['neutral', 'positive'], 'scores': [0.460294, 0.99354666]}","{'labels': ['joy', 'neutral'], 'scores': [0.9357516, 0.94504917]}"
164,"""See you in a minute, I hope..."" ","{'labels': ['positive'], 'scores': [0.99860686]}","{'labels': ['joy'], 'scores': [0.99845433]}"
165,"And Harry let go. Cold, damp air rushed past him as he fell down, down, down and -- ","{'labels': ['neutral'], 'scores': [0.9988913]}","{'labels': ['neutral'], 'scores': [0.9994392]}"
166,"FLUMP. With a funny, muffled sort of thump he landed on something soft. He sat up and felt around, his eyes not used to the gloom. It felt as though he was sitting on some sort of plant. ","{'labels': ['neutral'], 'scores': [0.7942567]}","{'labels': ['neutral'], 'scores': [0.98803014]}"
167,"""It's okay!"" he called up to the light the size of a postage stamp, which was the open trapdoor, ""it's a soft landing, you can jump!"" ","{'labels': ['neutral'], 'scores': [0.99972993]}","{'labels': ['neutral'], 'scores': [0.9991215]}"
168,"Ron followed right away. He landed, sprawled next to Harry. ","{'labels': ['neutral'], 'scores': [0.9996057]}","{'labels': ['neutral'], 'scores': [0.9991296]}"
169,"""What's this stuff?"" were his first words. ","{'labels': ['neutral'], 'scores': [0.9947673]}","{'labels': ['neutral'], 'scores': [0.99861705]}"
170,"""Dunno, some sort of plant thing. I suppose it's here to break the fall. Come on, Hermione!"" ","{'labels': ['neutral'], 'scores': [0.9993782]}","{'labels': ['neutral'], 'scores': [0.9994974]}"
171,"The distant music stopped. There was a loud bark from the dog, but Hermione had already jumped. She landed on Harry's other side. ","{'labels': ['neutral'], 'scores': [0.99930656]}","{'labels': ['neutral'], 'scores': [0.99916804]}"
172,"""We must be miles under the school,"" she said. ","{'labels': ['neutral'], 'scores': [0.9995546]}","{'labels': ['neutral'], 'scores': [0.99942327]}"
173,"""Lucky this plant thing's here, really,"" said Ron. ","{'labels': ['positive'], 'scores': [0.99926704]}","{'labels': ['joy', 'neutral'], 'scores': [0.99115014, 0.5387307]}"
174,"""Lucky!"" shrieked Hermione. ""Look at you both!"" ","{'labels': ['positive'], 'scores': [0.99683714]}","{'labels': ['joy', 'neutral'], 'scores': [0.76732993, 0.7692085]}"
175,"She leapt up and struggled toward a damp wall. She had to struggle because the moment she had landed, the plant had started to twist snakelike tendrils around her ankles. As for Harry and Ron, their legs had already been bound tightly in long creepers without their noticing. ","{'labels': ['neutral'], 'scores': [0.9984718]}","{'labels': ['neutral'], 'scores': [0.99885213]}"
176,"Hermione had managed to free herself before the plant got a firm grip on her. Now she watched in horror as the two boys fought to pull the plant off them, but the more they strained against it, the tighter and faster the plant wound around them. ","{'labels': ['negative'], 'scores': [0.9962942]}","{'labels': ['fear'], 'scores': [0.963051]}"
177,"""Stop moving!"" Hermione ordered them. ""I know what this is -- it's Devil's Snare!"" ","{'labels': ['neutral'], 'scores': [0.99951684]}","{'labels': ['neutral'], 'scores': [0.99914956]}"
178,"""Oh, I'm so glad we know what it's called, that's a great help,"" snarled Ron, leaning back, trying to stop the plant from curling around his neck. ""Shut up, I'm trying to remember how to kill it!"" said Hermione. ","{'labels': ['positive'], 'scores': [0.99960834]}","{'labels': ['joy'], 'scores': [0.9956921]}"
179,"""Well, hurry up, I can't breathe!"" Harry gasped, wrestling with it as it curled around his chest. ","{'labels': ['negative', 'neutral'], 'scores': [0.95185405, 0.95078987]}","{'labels': ['neutral'], 'scores': [0.99417275]}"
180,"""Devil's Snare, Devil's Snare... what did Professor Sprout say? -- it likes the dark and the damp."" ","{'labels': ['neutral'], 'scores': [0.99943465]}","{'labels': ['neutral'], 'scores': [0.9975561]}"
181,"""So light a fire!"" Harry choked. ","{'labels': ['negative'], 'scores': [0.7706608]}","{'labels': ['neutral'], 'scores': [0.55846685]}"
182,"""Yes -- of course -- but there's no wood!"" Hermione cried, wringing her hands. ","{'labels': ['neutral'], 'scores': [0.99894243]}","{'labels': ['neutral'], 'scores': [0.9961287]}"
183,"""HAVE YOU GONE MAD?"" Ron bellowed. ""ARE YOU A WITCH OR NOT?"" ","{'labels': ['ambiguous'], 'scores': [0.8476308]}","{'labels': ['neutral', 'surprise'], 'scores': [0.9544001, 0.3253549]}"
184,"""Oh, right!"" said Hermione, and she whipped out her wand, waved it, muttered something, and sent a jet of the same bluebell flames she had used on Snape at the plant. In a matter of seconds, the two boys felt it loosening its grip as it cringed away from the light and warmth. Wriggling and flailing, it unraveled itself from their bodies, and they were able to pull free. ","{'labels': ['neutral'], 'scores': [0.9994727]}","{'labels': ['neutral'], 'scores': [0.9991794]}"
185,"""Lucky you pay attention in Herbology, Hermione,"" said Harry as he joined her by the wall, wiping sweat off his face. ","{'labels': ['positive'], 'scores': [0.9963773]}","{'labels': ['joy', 'neutral'], 'scores': [0.98553616, 0.6228648]}"
186,"""Yeah,"" said Ron, ""and lucky Harry doesn't lose his head in a crisis -- 'there's no wood,' honestly."" ","{'labels': ['neutral', 'positive'], 'scores': [0.74922544, 0.99442446]}","{'labels': ['joy', 'neutral'], 'scores': [0.9383222, 0.9788888]}"
187,"""This way,"" said Harry, pointing down a stone passageway, which was the only way forward. ","{'labels': ['neutral'], 'scores': [0.99953306]}","{'labels': ['neutral'], 'scores': [0.9992576]}"
188,"All they could hear apart from their footsteps was the gentle drip of water trickling down the walls. The passageway sloped downward, and Harry was reminded of Gringotts. With an unpleasant jolt of the heart, he remembered the dragons said to be guarding vaults in the wizards' bank. If they met a dragon, a fully-grown dragon -- Norbert had been bad enough... ","{'labels': ['negative', 'neutral'], 'scores': [0.9938419, 0.9295031]}","{'labels': ['neutral'], 'scores': [0.99771595]}"
189,"""Can you hear something?"" Ron whispered. ","{'labels': ['ambiguous', 'neutral'], 'scores': [0.62436104, 0.9865849]}","{'labels': ['neutral'], 'scores': [0.99818003]}"
190,Harry listened. A soft rustling and clinking seemed to be coming from up ahead. ,"{'labels': ['neutral'], 'scores': [0.99900705]}","{'labels': ['neutral'], 'scores': [0.9602063]}"
191,"""Do you think it's a ghost?"" ","{'labels': ['ambiguous'], 'scores': [0.9978453]}","{'labels': ['surprise'], 'scores': [0.99792284]}"
192,"""I don't know... sounds like wings to me."" ","{'labels': ['neutral'], 'scores': [0.8049886]}","{'labels': ['surprise'], 'scores': [0.99695045]}"
193,"""There's light ahead -- I can see something moving."" ","{'labels': ['ambiguous', 'neutral'], 'scores': [0.6994779, 0.9883986]}","{'labels': ['neutral'], 'scores': [0.9987871]}"
194,"They reached the end of the passageway and saw before them a brilliantly lit chamber, its ceiling arching high above them. It was full of small, jewel-bright birds, fluttering and tumbling all around the room. On the opposite side of the chamber was a heavy wooden door. ","{'labels': ['neutral'], 'scores': [0.9980052]}","{'labels': ['neutral'], 'scores': [0.993541]}"
195,"""Do you think they'll attack us if we cross the room?"" said Ron. ","{'labels': ['ambiguous'], 'scores': [0.9807154]}","{'labels': ['neutral', 'surprise'], 'scores': [0.8556757, 0.95131755]}"
196,"""Probably,"" said Harry. ""They don't look very vicious, but I suppose if they all swooped down at once... well, there's no other choice... I'll run."" ","{'labels': ['neutral'], 'scores': [0.99615854]}","{'labels': ['joy', 'neutral'], 'scores': [0.8596422, 0.9912445]}"
197,"He took a deep breath, covered his face with his arms, and sprinted across the room. He expected to feel sharp beaks and claws tearing at him any second, but nothing happened. He reached the door untouched. He pulled the handle, but it was locked. ","{'labels': ['neutral'], 'scores': [0.9649613]}","{'labels': ['neutral'], 'scores': [0.989583]}"
198,"The other two followed him. They tugged and heaved at the door, but it wouldn't budge, not even when Hermione tried her Alohomora charm. ","{'labels': ['neutral'], 'scores': [0.9994234]}","{'labels': ['neutral'], 'scores': [0.99933416]}"
199,"""Now what?"" said Ron. ","{'labels': ['neutral'], 'scores': [0.99901426]}","{'labels': ['neutral'], 'scores': [0.99923515]}"
200,"""These birds... they can't be here just for decoration,"" said Hermione. ","{'labels': ['neutral'], 'scores': [0.9987419]}","{'labels': ['neutral'], 'scores': [0.9968058]}"
201,"They watched the birds soaring overhead, glittering --glittering? ","{'labels': ['neutral'], 'scores': [0.9990243]}","{'labels': ['neutral', 'surprise'], 'scores': [0.57614326, 0.9899957]}"
202,"""They're not birds!"" Harry said suddenly. ""They're keys! Winged keys -- look carefully. So that must mean..."" he looked around the chamber while the other two squinted up at the flock of keys. ""... yes -- look! Broomsticks! We've got to catch the key to the door!"" ","{'labels': ['neutral'], 'scores': [0.9983059]}","{'labels': ['neutral'], 'scores': [0.99951184]}"
203,"""But there are hundreds of them!"" ","{'labels': ['neutral'], 'scores': [0.9988097]}","{'labels': ['neutral'], 'scores': [0.9991027]}"
204,Ron examined the lock on the door. ,"{'labels': ['neutral'], 'scores': [0.99926454]}","{'labels': ['neutral'], 'scores': [0.99947804]}"
205,"""We're looking for a big, old-fashioned one -- probably silver, like the handle."" ","{'labels': ['neutral'], 'scores': [0.9981237]}","{'labels': ['neutral'], 'scores': [0.99901676]}"
206,"They each seized a broomstick and kicked off into the air, soaring into the midst of the cloud of keys. They grabbed and snatched, but the bewitched keys darted and dived so quickly it was almost impossible to catch one. ","{'labels': ['neutral'], 'scores': [0.99888223]}","{'labels': ['neutral'], 'scores': [0.999595]}"
207,"Not for nothing, though, was Harry the youngest Seeker in a century. He had a knack for spotting things other people didn't. After a minute's weaving about through the whirl of rainbow feathers, he noticed a large silver key that had a bent wing, as if it had already been caught and stuffed roughly into the keyhole. ","{'labels': ['neutral'], 'scores': [0.9920695]}","{'labels': ['joy', 'neutral'], 'scores': [0.37723583, 0.95238286]}"
208,"""That one!"" he called to the others. ""That big one -- there -- no, there -- with bright blue wings -- the feathers are all crumpled on one side."" ","{'labels': ['neutral'], 'scores': [0.9985715]}","{'labels': ['neutral'], 'scores': [0.9994531]}"
209,"Ron went speeding in the direction that Harry was pointing, crashed into the ceiling, and nearly fell off his broom. ","{'labels': ['negative'], 'scores': [0.9962508]}","{'labels': ['sadness'], 'scores': [0.41322017]}"
210,"""We've got to close in on it!"" Harry called, not taking his eyes off the key with the damaged wing. ""Ron, you come at it from above -- Hermione, stay below and stop it from going down and I'll try and catch it. Right, NOW!"" ","{'labels': ['neutral'], 'scores': [0.9997701]}","{'labels': ['neutral'], 'scores': [0.9993691]}"
211,"Ron dived, Hermione rocketed upward, the key dodged them both, and Harry streaked after it; it sped toward the wall, Harry leaned forward and with a nasty, crunching noise, pinned it against the stone with one hand. Ron and Hermione's cheers echoed around the high chamber. ","{'labels': ['negative', 'neutral'], 'scores': [0.8890502, 0.9750354]}","{'labels': ['neutral'], 'scores': [0.99834466]}"
212,"They landed quickly, and Harry ran to the door, the key struggling in his hand. He rammed it into the lock and turned - it worked. The moment the lock had clicked open, the key took flight again, looking very battered now that it had been caught twice. ","{'labels': ['neutral'], 'scores': [0.913325]}","{'labels': ['neutral'], 'scores': [0.9992893]}"
213,"""Ready?"" Harry asked the other two, his hand on the door handle. They nodded. He pulled the door open. ","{'labels': ['neutral'], 'scores': [0.9974686]}","{'labels': ['neutral'], 'scores': [0.99807835]}"
214,"The next chamber was so dark they couldn't see anything at all. But as they stepped into it, light suddenly flooded the room to reveal an astonishing sight. ","{'labels': ['ambiguous'], 'scores': [0.999471]}","{'labels': ['surprise'], 'scores': [0.9969984]}"
215,"They were standing on the edge of a huge chessboard, behind the black chessmen, which were all taller than they were and carved from what looked like black stone. Facing them, way across the chamber, were the white pieces. Harry, Ron and Hermione shivered slightly - the towering white chessmen had no faces. ","{'labels': ['neutral'], 'scores': [0.9992042]}","{'labels': ['neutral'], 'scores': [0.99934417]}"
216,"""Now what do we do?"" Harry whispered. ","{'labels': ['ambiguous', 'neutral'], 'scores': [0.41659084, 0.98865694]}","{'labels': ['neutral'], 'scores': [0.99856406]}"
217,"""It's obvious, isn't it?"" said Ron. ""We've got to play our way across the room."" ","{'labels': ['neutral'], 'scores': [0.99631727]}","{'labels': ['neutral'], 'scores': [0.99708134]}"
218,Behind the white pieces they could see another door. ,"{'labels': ['neutral'], 'scores': [0.9985057]}","{'labels': ['neutral'], 'scores': [0.9995135]}"
219,"""How?"" said Hermione nervously. ","{'labels': ['neutral'], 'scores': [0.9989962]}","{'labels': ['neutral'], 'scores': [0.9844074]}"
220,"""I think,"" said Ron, ""we're going to have to be chessmen."" ","{'labels': ['neutral'], 'scores': [0.9987858]}","{'labels': ['neutral'], 'scores': [0.9976422]}"
221,"He walked up to a black knight and put his hand out to touch the knight's horse. At once, the stone sprang to life. The horse pawed the ground and the knight turned his helmeted head to look down at Ron. ","{'labels': ['neutral'], 'scores': [0.9989372]}","{'labels': ['neutral'], 'scores': [0.9994005]}"
222,"""Do we -- er -- have to join you to get across?"" The black knight nodded. Ron turned to the other two. ","{'labels': ['ambiguous', 'neutral'], 'scores': [0.9075254, 0.9017824]}","{'labels': ['neutral'], 'scores': [0.9991437]}"
223,"""This needs thinking about..."" he said. ""I suppose we've got to take the place of three of the black pieces..."" ","{'labels': ['neutral'], 'scores': [0.9994072]}","{'labels': ['neutral'], 'scores': [0.9994838]}"
224,"Harry and Hermione stayed quiet, watching Ron think. Finally he said, ""Now, don't be offended or anything, but neither of you are that good at chess --"" ","{'labels': ['neutral'], 'scores': [0.9995359]}","{'labels': ['neutral'], 'scores': [0.9991364]}"
225,"""We're not offended,"" said Harry quickly. ""Just tell us what to do."" ","{'labels': ['neutral'], 'scores': [0.9952383]}","{'labels': ['neutral'], 'scores': [0.9991217]}"
226,"""Well, Harry, you take the place of that bishop, and Hermione, you go there instead of that castle."" ","{'labels': ['neutral'], 'scores': [0.99937904]}","{'labels': ['neutral'], 'scores': [0.99954945]}"
227,"""What about you?"" ","{'labels': ['ambiguous'], 'scores': [0.99772674]}","{'labels': ['surprise'], 'scores': [0.997773]}"
228,"""I'm going to be a knight,"" said Ron. ","{'labels': ['neutral', 'positive'], 'scores': [0.9915139, 0.5000076]}","{'labels': ['neutral'], 'scores': [0.99621105]}"
229,"The chessmen seemed to have been listening, because at these words a knight, a bishop, and a castle turned their backs on the white pieces and walked off the board, leaving three empty squares that Harry, Ron, and Hermione took. ","{'labels': ['neutral'], 'scores': [0.9990557]}","{'labels': ['neutral'], 'scores': [0.9995455]}"
230,"""White always plays first in chess,"" said Ron, peering across the board. ""Yes... look..."" ","{'labels': ['neutral'], 'scores': [0.9989537]}","{'labels': ['neutral'], 'scores': [0.99913317]}"
231,A white pawn had moved forward two squares. ,"{'labels': ['neutral'], 'scores': [0.997894]}","{'labels': ['neutral'], 'scores': [0.999366]}"
232,Ron started to direct the black pieces. They moved silently wherever he sent them. Harry's knees were trembling. What if they lost? ,"{'labels': ['ambiguous', 'neutral'], 'scores': [0.95947486, 0.53475386]}","{'labels': ['neutral'], 'scores': [0.9956275]}"
233,"""Harry -- move diagonally four squares to the right."" ","{'labels': ['neutral'], 'scores': [0.9995859]}","{'labels': ['neutral'], 'scores': [0.9992816]}"
234,"Their first real shock came when their other knight was taken. The white queen smashed him to the floor and dragged him off the board, where he lay quite still, facedown. ","{'labels': ['ambiguous'], 'scores': [0.988157]}","{'labels': ['neutral', 'surprise'], 'scores': [0.89732313, 0.6348127]}"
235,"""Had to let that happen,"" said Ron, looking shaken. ""Leaves you free to take that bishop, Hermione, go on."" ","{'labels': ['neutral'], 'scores': [0.9992587]}","{'labels': ['neutral'], 'scores': [0.9991466]}"
236,"Every time one of their men was lost, the white pieces showed no mercy. Soon there was a huddle of limp black players slumped along the wall. Twice, Ron only just noticed in time that Harry and Hermione were in danger. He himself darted around the board, taking almost as many white pieces as they had lost black ones. ","{'labels': ['neutral'], 'scores': [0.9995154]}","{'labels': ['neutral'], 'scores': [0.99810445]}"
237,"""We're nearly there,"" he muttered suddenly. ""Let me think -- let me think..."" ","{'labels': ['neutral'], 'scores': [0.9883062]}","{'labels': ['neutral'], 'scores': [0.9993235]}"
238,The white queen turned her blank face toward him. ,"{'labels': ['neutral'], 'scores': [0.999097]}","{'labels': ['neutral'], 'scores': [0.9994709]}"
239,"""Yes..."" said Ron softly, ""It's the only way... I've got to be taken."" ","{'labels': ['neutral'], 'scores': [0.99917847]}","{'labels': ['neutral'], 'scores': [0.99915814]}"
240,"""NO!"" Harry and Hermione shouted. ","{'labels': ['negative', 'neutral'], 'scores': [0.3259681, 0.9986345]}","{'labels': ['neutral'], 'scores': [0.99215525]}"
241,"""That's chess!"" snapped Ron. ""You've got to make some sacrifices! I make my move and she'll take me -- that leaves you free to checkmate the king, Harry!"" ","{'labels': ['neutral'], 'scores': [0.9993936]}","{'labels': ['neutral'], 'scores': [0.9995431]}"
242,"""But --"" ","{'labels': ['neutral'], 'scores': [0.99891055]}","{'labels': ['neutral'], 'scores': [0.99922955]}"
243,"""Do you want to stop Snape or not?"" ","{'labels': ['ambiguous', 'neutral'], 'scores': [0.5011451, 0.9591964]}","{'labels': ['neutral', 'surprise'], 'scores': [0.9939545, 0.3777774]}"
244,"""Ron --"" ","{'labels': ['neutral'], 'scores': [0.9987991]}","{'labels': ['neutral'], 'scores': [0.9991868]}"
245,"""Look, if you don't hurry up, he'll already have the Stone!"" ","{'labels': ['neutral'], 'scores': [0.998992]}","{'labels': ['neutral'], 'scores': [0.9993806]}"
246,There was no alternative. ,"{'labels': ['neutral'], 'scores': [0.99735034]}","{'labels': ['neutral'], 'scores': [0.999278]}"
247,"""Ready?"" Ron called, his face pale but determined. ""Here I go -- now, don't hang around once you've won."" ","{'labels': ['neutral', 'positive'], 'scores': [0.78760725, 0.92288864]}","{'labels': ['neutral'], 'scores': [0.9983583]}"
248,"He stepped forward, and the white queen pounced. She struck Ron hard across the head with her stone arm, and he crashed to the floor -- Hermione screamed but stayed on her square -- the white queen dragged Ron to one side. He looked as if he'd been knocked out. ","{'labels': ['neutral'], 'scores': [0.9992955]}","{'labels': ['neutral'], 'scores': [0.9993734]}"
249,"Shaking, Harry moved three spaces to the left. ","{'labels': ['negative', 'neutral'], 'scores': [0.99166214, 0.75782615]}","{'labels': ['neutral'], 'scores': [0.9980108]}"
250,"The white king took off his crown and threw it at Harry's feet. They had won. The chessmen parted and bowed, leaving the door ahead clear. With one last desperate look back at Ron, Harry and Hermione charged through the door and up the next passageway. ","{'labels': ['neutral'], 'scores': [0.9948894]}","{'labels': ['neutral'], 'scores': [0.9993487]}"
251,"""What if he's --?"" ","{'labels': ['ambiguous'], 'scores': [0.9980564]}","{'labels': ['neutral', 'surprise'], 'scores': [0.70385706, 0.9443792]}"
252,"""He'll be all right,"" said Harry, trying to convince himself. ""What do you reckon's next?"" ","{'labels': ['positive'], 'scores': [0.9977584]}","{'labels': ['joy', 'surprise'], 'scores': [0.8727254, 0.93280387]}"
253,"""We've had Sprout's, that was the Devil's Snare; Flitwick must've put charms on the keys; McGonagall transfigured the chessmen to make them alive; that leaves Quirrell's spell, and Snape's."" ","{'labels': ['neutral'], 'scores': [0.9994832]}","{'labels': ['neutral'], 'scores': [0.9996057]}"
254,They had reached another door. ,"{'labels': ['neutral'], 'scores': [0.99643433]}","{'labels': ['neutral'], 'scores': [0.99914634]}"
255,"""All right?"" Harry whispered. ","{'labels': ['neutral'], 'scores': [0.9992384]}","{'labels': ['neutral'], 'scores': [0.9957968]}"
256,"""Go on."" ","{'labels': ['neutral'], 'scores': [0.99843174]}","{'labels': ['neutral'], 'scores': [0.998544]}"
257,Harry pushed it open. ,"{'labels': ['neutral'], 'scores': [0.99894303]}","{'labels': ['neutral'], 'scores': [0.99921346]}"
258,"A disgusting smell filled their nostrils, making both of them pull their robes up over their noses. Eyes watering, they saw, flat on the floor in front of them, a troll even larger than the one they had tackled, out cold with a bloody lump on its head. ","{'labels': ['negative'], 'scores': [0.9985531]}","{'labels': ['disgust'], 'scores': [0.9961202]}"
259,"""I'm glad we didn't have to fight that one,"" Harry whispered as they stepped carefully over one of its massive legs. ""Come on, I can't breathe."" ","{'labels': ['positive'], 'scores': [0.9989687]}","{'labels': ['joy'], 'scores': [0.9678916]}"
260,"He pulled open the next door, both of them hardly daring to look at what came next - but there was nothing very frightening in here, just a table with seven differently shaped bottles standing on it in a line. ","{'labels': ['neutral'], 'scores': [0.99928844]}","{'labels': ['neutral'], 'scores': [0.9988268]}"
261,"""Snape's,"" said Harry. ""What do we have to do?"" ","{'labels': ['neutral'], 'scores': [0.9962793]}","{'labels': ['neutral'], 'scores': [0.9992217]}"
262,"They stepped over the threshold, and immediately a fire sprang up behind them in the doorway. It wasn't ordinary fire either; it was purple. At the same instant, black flames shot up in the doorway leading onward. They were trapped. ","{'labels': ['neutral'], 'scores': [0.9990507]}","{'labels': ['neutral'], 'scores': [0.99754626]}"
263,"""Look!"" Hermione seized a roll of paper lying next to the bottles. Harry looked over her shoulder to read it: ","{'labels': ['neutral'], 'scores': [0.99962866]}","{'labels': ['neutral'], 'scores': [0.9994629]}"
264,"Danger lies before you, while safety lies behind, ","{'labels': ['neutral', 'positive'], 'scores': [0.3484207, 0.4215181]}","{'labels': ['joy', 'neutral'], 'scores': [0.54197776, 0.9958813]}"
265,"Two of us will help you, which ever you would find, ","{'labels': ['positive'], 'scores': [0.99936134]}","{'labels': ['joy'], 'scores': [0.9992855]}"
266,"One among us seven will let you move ahead, ","{'labels': ['neutral'], 'scores': [0.99892837]}","{'labels': ['neutral'], 'scores': [0.9986319]}"
267,"Another will transport the drinker back instead, ","{'labels': ['neutral'], 'scores': [0.9994716]}","{'labels': ['neutral'], 'scores': [0.99945265]}"
268,"Two among our number hold only nettle wine, ","{'labels': ['neutral'], 'scores': [0.99954116]}","{'labels': ['neutral'], 'scores': [0.9994779]}"
269,"Three of us are killers, waiting bidden in line. ","{'labels': ['negative', 'neutral'], 'scores': [0.56490517, 0.99723405]}","{'labels': ['neutral'], 'scores': [0.99921227]}"
270,"Choose, unless you wish to stay here forevermore, ","{'labels': ['neutral'], 'scores': [0.9990735]}","{'labels': ['neutral'], 'scores': [0.99910223]}"
271,"To help you in your choice, we give you these clues four: ","{'labels': ['neutral'], 'scores': [0.98730904]}","{'labels': ['neutral', 'surprise'], 'scores': [0.9971949, 0.4959395]}"
272,"First, however slyly the poison tries to hide ","{'labels': ['neutral'], 'scores': [0.9996443]}","{'labels': ['neutral'], 'scores': [0.999257]}"
273,You will always find some on nettle wine's left side; ,"{'labels': ['neutral'], 'scores': [0.9993117]}","{'labels': ['neutral'], 'scores': [0.9994548]}"
274,"Second, different are those who stand at either end, ","{'labels': ['neutral'], 'scores': [0.9994579]}","{'labels': ['neutral', 'surprise'], 'scores': [0.98115367, 0.5289225]}"
275,"But if you would move onward, neither is your friend; ","{'labels': ['neutral'], 'scores': [0.99927694]}","{'labels': ['neutral'], 'scores': [0.9980013]}"
276,"Third, as you see clearly, all are different size, ","{'labels': ['neutral'], 'scores': [0.999622]}","{'labels': ['neutral'], 'scores': [0.9991696]}"
277,Neither dwarf nor giant holds death in their insides; ,"{'labels': ['neutral'], 'scores': [0.9990746]}","{'labels': ['neutral'], 'scores': [0.99949634]}"
278,"Fourth, the second left and the second on the right ","{'labels': ['neutral'], 'scores': [0.9994431]}","{'labels': ['neutral'], 'scores': [0.99929905]}"
279,"Are twins once you taste them, though different at first sight. ","{'labels': ['neutral'], 'scores': [0.9984523]}","{'labels': ['neutral', 'surprise'], 'scores': [0.9320537, 0.92586416]}"
280,"Hermione let out a great sigh and Harry, amazed, saw that she was smiling, the very last thing he felt like doing. ","{'labels': ['positive'], 'scores': [0.999316]}","{'labels': ['joy'], 'scores': [0.9978642]}"
281,"""Brilliant,"" said Hermione. ""This isn't magic -- it's logic -- a puzzle. A lot of the greatest wizards haven't got an ounce of logic, they'd be stuck in here forever."" ","{'labels': ['negative', 'positive'], 'scores': [0.86475325, 0.99847704]}","{'labels': ['joy', 'surprise'], 'scores': [0.9986082, 0.39743206]}"
282,"""But so will we, won't we?"" ","{'labels': ['ambiguous'], 'scores': [0.9986125]}","{'labels': ['surprise'], 'scores': [0.99807394]}"
283,"""Of course not,"" said Hermione. ""Everything we need is here on this paper. Seven bottles: three are poison; two are wine; one will get us safely through the black fire, and one will get us back through the purple."" ""But how do we know which to drink?"" ","{'labels': ['neutral'], 'scores': [0.9938306]}","{'labels': ['neutral'], 'scores': [0.9820555]}"
284,"""Give me a minute."" ","{'labels': ['neutral'], 'scores': [0.9980811]}","{'labels': ['neutral'], 'scores': [0.99912184]}"
285,"Hermione read the paper several times. Then she walked up and down the line of bottles, muttering to herself and pointing at them. At last, she clapped her hands. ","{'labels': ['neutral'], 'scores': [0.99915874]}","{'labels': ['neutral'], 'scores': [0.9988244]}"
286,"""Got it,"" she said. ""The smallest bottle will get us through the black fire -- toward the Stone."" ","{'labels': ['neutral'], 'scores': [0.9995284]}","{'labels': ['neutral'], 'scores': [0.9994382]}"
287,Harry looked at the tiny bottle. ,"{'labels': ['neutral'], 'scores': [0.99918157]}","{'labels': ['neutral'], 'scores': [0.99803823]}"
288,"""There's only enough there for one of us,"" he said. ""That's hardly one swallow."" ","{'labels': ['neutral'], 'scores': [0.99945134]}","{'labels': ['neutral'], 'scores': [0.9995746]}"
289,They looked at each other. ,"{'labels': ['neutral'], 'scores': [0.9987907]}","{'labels': ['neutral'], 'scores': [0.9992455]}"
290,"""Which one will get you back through the purple flames?"" ","{'labels': ['ambiguous'], 'scores': [0.998678]}","{'labels': ['surprise'], 'scores': [0.99883014]}"
291,Hermione pointed at a rounded bottle at the right end of the line. ,"{'labels': ['neutral'], 'scores': [0.9995189]}","{'labels': ['neutral'], 'scores': [0.9995301]}"
292,"""You drink that,"" said Harry. ""No, listen, get back and get Ron. Grab brooms from the flying-key room, they'll get you out of the trapdoor and past Fluffy -- go straight to the owlery and send Hedwig to Dumbledore, we need him. I might be able to hold Snape off for a while, but I'm no match for him, really."" ","{'labels': ['neutral'], 'scores': [0.9996568]}","{'labels': ['neutral'], 'scores': [0.99944264]}"
293,"""But Harry -- what if You-Know-Who's with him?"" ","{'labels': ['ambiguous', 'neutral'], 'scores': [0.9896164, 0.41194603]}","{'labels': ['neutral', 'surprise'], 'scores': [0.72065645, 0.98924154]}"
294,"""Well -- I was lucky once, wasn't I?"" said Harry, pointing at his scar. ""I might get lucky again."" ","{'labels': ['ambiguous', 'positive'], 'scores': [0.90860337, 0.96128637]}","{'labels': ['joy', 'surprise'], 'scores': [0.45441392, 0.9593654]}"
295,"Hermione's lip trembled, and she suddenly dashed at Harry and threw her arms around him. ","{'labels': ['neutral'], 'scores': [0.9742555]}","{'labels': ['joy', 'neutral'], 'scores': [0.3351847, 0.9716583]}"
296,"""Hermione!"" ","{'labels': ['neutral'], 'scores': [0.9992446]}","{'labels': ['neutral'], 'scores': [0.9992411]}"
297,"""Harry -- you're a great wizard, you know."" ","{'labels': ['positive'], 'scores': [0.9995577]}","{'labels': ['joy'], 'scores': [0.9994261]}"
298,"""I'm not as good as you,"" said Harry, very embarrassed, as she let go of him. ","{'labels': ['negative'], 'scores': [0.9986179]}","{'labels': ['sadness'], 'scores': [0.9972675]}"
299,"""Me!"" said Hermione. ""Books! And cleverness! There are more important things -- friendship and bravery and -- oh Harry --be careful! "" ","{'labels': ['positive'], 'scores': [0.99445057]}","{'labels': ['joy'], 'scores': [0.9989428]}"
300,"""You drink first,"" said Harry. ""You are sure which is which, aren't you?"" ","{'labels': ['ambiguous', 'neutral'], 'scores': [0.90140295, 0.851748]}","{'labels': ['neutral', 'surprise'], 'scores': [0.9893364, 0.55798686]}"
301,"""Positive,"" said Hermione. She took a long drink from the round bottle at the end, and shuddered. ","{'labels': ['neutral', 'positive'], 'scores': [0.5628869, 0.9650916]}","{'labels': ['joy', 'neutral'], 'scores': [0.73893905, 0.98193973]}"
302,"""It's not poison?"" said Harry anxiously. ","{'labels': ['positive'], 'scores': [0.3933575]}","{'labels': ['fear', 'surprise'], 'scores': [0.6613424, 0.4523616]}"
303,"""No -- but it's like ice."" ","{'labels': ['neutral'], 'scores': [0.9994288]}","{'labels': ['neutral'], 'scores': [0.9978611]}"
304,"""Quick, go, before it wears off."" ","{'labels': ['neutral'], 'scores': [0.99892706]}","{'labels': ['neutral'], 'scores': [0.9985734]}"
305,"""Good luck -- take care."" ","{'labels': ['positive'], 'scores': [0.99911886]}","{'labels': ['joy'], 'scores': [0.99847335]}"
306,"""GO!"" ","{'labels': ['neutral'], 'scores': [0.99843997]}","{'labels': ['neutral'], 'scores': [0.99637514]}"
307,Hermione turned and walked straight through the purple fire. ,"{'labels': ['neutral'], 'scores': [0.999572]}","{'labels': ['neutral'], 'scores': [0.9990546]}"
308,Harry took a deep breath and picked up the smallest bottle. He turned to face the black flames. ,"{'labels': ['neutral'], 'scores': [0.9991627]}","{'labels': ['neutral'], 'scores': [0.9990607]}"
309,"""Here I come,"" he said, and he drained the little bottle in one gulp. ","{'labels': ['neutral'], 'scores': [0.99922633]}","{'labels': ['neutral'], 'scores': [0.9991886]}"
310,"It was indeed as though ice was flooding his body. He put the bottle down and walked forward; he braced himself, saw the black flames licking his body, but couldn't feel them -- for a moment he could see nothing but dark fire -- then he was on the other side, in the last chamber. ","{'labels': ['neutral'], 'scores': [0.9990914]}","{'labels': ['neutral'], 'scores': [0.9981407]}"
311,There was already someone there -- but it wasn't Snape. It wasn't even Voldemort. ,"{'labels': ['negative', 'neutral'], 'scores': [0.8230578, 0.93619704]}","{'labels': ['neutral'], 'scores': [0.99934524]}"
