idx,Paragraph Text,Binary Emotion Class/Score
0,The Man With Two Faces ,"{'labels': ['neutral'], 'scores': [0.9984675]}"
1,It was Quirrell. ,"{'labels': ['neutral'], 'scores': [0.9985631]}"
2,"""You!"" gasped Harry. ","{'labels': ['neutral'], 'scores': [0.9988739]}"
3,Quirrell smiled. His face wasn't twitching at all. ,"{'labels': ['neutral'], 'scores': [0.9997304]}"
4,"""Me,"" he said calmly. ""I wondered whether I'd be meeting you here, Potter."" ","{'labels': ['ambiguous', 'neutral'], 'scores': [0.9830346, 0.44759256]}"
5,"""But I thought -- Snape --"" ","{'labels': ['neutral'], 'scores': [0.9995555]}"
6,"""Severus?"" Quirrell laughed, and it wasn't his usual quivering treble, either, but cold and sharp. ""Yes, Severus does seem the type, doesn't he? So useful to have him swooping around like an overgrown bat. Next to him, who would suspect p-p-poor, st-stuttering P-Professor Quirrell?"" ","{'labels': ['neutral'], 'scores': [0.9993443]}"
7,"Harry couldn't take it in. This couldn't be true, it couldn't. ","{'labels': ['negative'], 'scores': [0.9982487]}"
8,"""But Snape tried to kill me!"" ","{'labels': ['negative', 'neutral'], 'scores': [0.987374, 0.96464425]}"
9,"""No, no, no. I tried to kill you. Your friend Miss Granger accidentally knocked me over as she rushed to set fire to Snape at that Quidditch match. She broke my eye contact with you. Another few seconds and I'd have got you off that broom. I'd have managed it before then if Snape hadn't been muttering a countercurse, trying to save you."" ","{'labels': ['negative'], 'scores': [0.99772793]}"
10,"""Snape was trying to save me?"" ","{'labels': ['ambiguous'], 'scores': [0.9610355]}"
11,"""Of course,"" said Quirrell coolly. ""Why do you think he wanted to referee your next match? He was trying to make sure I didn't do it again. Funny, really... he needn't have bothered. I couldn't do anything with Dumbledore watching. All the other teachers thought Snape was trying to stop Gryffindor from winning, he did make himself unpopular... and what a waste of time, when after all that, I'm going to kill you tonight."" ","{'labels': ['negative'], 'scores': [0.9968273]}"
12,Quirrell snapped his fingers. Ropes sprang out of thin air and wrapped themselves tightly around Harry. ,"{'labels': ['neutral'], 'scores': [0.9972976]}"
13,"""You're too nosy to live, Potter. Scurrying around the school on Halloween like that, for all I knew you'd seen me coming to look at what was guarding the Stone."" ","{'labels': ['negative', 'neutral'], 'scores': [0.99114954, 0.9895727]}"
14,"""You let the troll in?"" ","{'labels': ['ambiguous', 'neutral'], 'scores': [0.9394999, 0.61615694]}"
15,"""Certainly. I have a special gift with trolls -- you must have seen what I did to the one in the chamber back there? Unfortunately, while everyone else was running around looking for it, Snape, who already suspected me, went straight to the third floor to head me off -- and not only did my troll fail to beat you to death, that three-headed dog didn't even manage to bite Snape's leg off properly. ","{'labels': ['neutral'], 'scores': [0.99937505]}"
16,"""Now, wait quietly, Potter. I need to examine this interesting mirror."" ","{'labels': ['neutral'], 'scores': [0.99956113]}"
17,It was only then that Harry realized what was standing behind Quirrell. It was the Mirror of Erised. ,"{'labels': ['ambiguous'], 'scores': [0.9985856]}"
18,"""This mirror is the key to finding the Stone,"" Quirrell murmured, tapping his way around the frame. ""Trust Dumbledore to come up with something like this... but he's in London... I'll be far away by the time he gets back..."" ","{'labels': ['neutral'], 'scores': [0.9998222]}"
19,All Harry could think of doing was to keep Quirrell talking and stop him from concentrating on the mirror. ,"{'labels': ['neutral'], 'scores': [0.9974602]}"
20,"""I saw you and Snape in the forest --"" he blurted out. ","{'labels': ['neutral'], 'scores': [0.99890006]}"
21,"""Yes,"" said Quirrell idly, walking around the mirror to look at the back. ""He was on to me by that time, trying to find out how far I'd got. He suspected me all along. Tried to frighten me -- as though he could, when I had Lord Voldemort on my side..."" ","{'labels': ['negative', 'neutral'], 'scores': [0.90071267, 0.97279966]}"
22,Quirrell came back out from behind the mirror and stared hungrily into it. ,"{'labels': ['negative', 'neutral'], 'scores': [0.87575877, 0.98365545]}"
23,"""I see the Stone... I'm presenting it to my master... but where is it?"" ","{'labels': ['neutral'], 'scores': [0.9988525]}"
24,"Harry struggled against the ropes binding him, but they didn't give. He had to keep Quirrell from giving his whole attention to the mirror. ","{'labels': ['neutral'], 'scores': [0.9994716]}"
25,"""But Snape always seemed to hate me so much."" ","{'labels': ['negative', 'neutral'], 'scores': [0.9974734, 0.32958528]}"
26,"""Oh, he does,"" said Quirrell casually, ""heavens, yes. He was at Hogwarts with your father, didn't you know? They loathed each other. But he never wanted you dead."" ","{'labels': ['neutral'], 'scores': [0.9993806]}"
27,"""But I heard you a few days ago, sobbing -- I thought Snape was threatening you..."" ","{'labels': ['negative'], 'scores': [0.9977155]}"
28,"For the first time, a spasm of fear flitted across Quirrell's face. ","{'labels': ['negative'], 'scores': [0.9981933]}"
29,"""Sometimes,"" he said, ""I find it hard to follow my master's instructions -- he is a great wizard and I am weak --"" ","{'labels': [], 'scores': []}"
30,"""You mean he was there in the classroom with you?"" Harry gasped. ","{'labels': ['ambiguous'], 'scores': [0.99743724]}"
31,"""He is with me wherever I go,"" said Quirrell quietly. ""I met him when I traveled around the world. A foolish young man I was then, full of ridiculous ideas about good and evil. Lord Voldemort showed me how wrong I was. There is no good and evil, there is only power, and those too weak to seek it... Since then, I have served him faithfully, although I have let him down many times. He has had to be very hard on me."" Quirrell shivered suddenly. ""He does not forgive mistakes easily. When I failed to steal the stone from Gringotts, he was most displeased. He punished me... decided he would have to keep a closer watch on me..."" ","{'labels': ['negative', 'neutral'], 'scores': [0.98948354, 0.54531825]}"
32,"Quirrell's voice trailed away. Harry was remembering his trip to Diagon Alley -- how could he have been so stupid? He'd seen Quirrell there that very day, shaken hands with him in the Leaky Cauldron. ","{'labels': ['neutral'], 'scores': [0.99848527]}"
33,Quirrell cursed under his breath. ,"{'labels': ['negative', 'neutral'], 'scores': [0.8884464, 0.9965377]}"
34,"""I don't understand... is the Stone inside the mirror? Should I break it?"" ","{'labels': ['ambiguous'], 'scores': [0.99916196]}"
35,Harry's mind was racing. ,"{'labels': ['neutral'], 'scores': [0.9993493]}"
36,"What I want more than anything else in the world at the moment, he thought, is to find the Stone before Quirrell does. So if I look in the mirror, I should see myself finding it -- which means I'll see where it's hidden! But how can I look without Quirrell realizing what I'm up to? ","{'labels': ['ambiguous', 'neutral'], 'scores': [0.31909776, 0.99737453]}"
37,"He tried to edge to the left, to get in front of the glass without Quirrell noticing, but the ropes around his ankles were too tight: he tripped and fell over. Quirrell ignored him. He was still talking to himself. ","{'labels': ['negative', 'neutral'], 'scores': [0.4961405, 0.99806696]}"
38,"""What does this mirror do? How does it work? Help me, Master!"" ","{'labels': ['ambiguous'], 'scores': [0.9457076]}"
39,"And to Harry's horror, a voice answered, and the voice seemed to come from Quirrell himself. ","{'labels': ['negative', 'neutral'], 'scores': [0.9963229, 0.30323336]}"
40,"""Use the boy... Use the boy..."" ","{'labels': ['neutral'], 'scores': [0.99939454]}"
41,Quirrell rounded on Harry. ,"{'labels': ['neutral'], 'scores': [0.9992987]}"
42,"""Yes -- Potter -- come here."" ","{'labels': ['neutral'], 'scores': [0.9996643]}"
43,"He clapped his hands once, and the ropes binding Harry fell off. Harry got slowly to his feet. ","{'labels': ['neutral'], 'scores': [0.99886596]}"
44,"""Come here,"" Quirrell repeated. ""Look in the mirror and tell me what you see."" ","{'labels': ['neutral'], 'scores': [0.99927706]}"
45,Harry walked toward him. ,"{'labels': ['neutral'], 'scores': [0.9992945]}"
46,"I must lie, he thought desperately. I must look and lie about what I see, that's all. ","{'labels': ['negative', 'neutral'], 'scores': [0.8206939, 0.99050623]}"
47,"Quirrell moved close behind him. Harry breathed in the funny smell that seemed to come from Quirrell's turban. He closed his eyes, stepped in front of the mirror, and opened them again. ","{'labels': ['neutral'], 'scores': [0.9942365]}"
48,"He saw his reflection, pale and scared-looking at first. But a moment later, the reflection smiled at him. It put its hand into its pocket and pulled out a blood-red stone. It winked and put the Stone back in its pocket -- and as it did so, Harry felt something heavy drop into his real pocket. Somehow -- incredibly --he'd gotten the Stone. ","{'labels': ['neutral'], 'scores': [0.9985929]}"
49,"""Well?"" said Quirrell impatiently. ""What do you see?"" ","{'labels': ['neutral'], 'scores': [0.9956458]}"
50,Harry screwed up his courage. ,"{'labels': ['negative'], 'scores': [0.99824023]}"
51,"""I see myself shaking hands with Dumbledore,"" he invented. ""I -- I've won the house cup for Gryffindor."" ","{'labels': ['neutral', 'positive'], 'scores': [0.87112075, 0.9838928]}"
52,Quirrell cursed again. ,"{'labels': ['negative', 'neutral'], 'scores': [0.89948404, 0.9917498]}"
53,"""Get out of the way,"" he said. As Harry moved aside, he felt the Sorcerer's Stone against his leg. Dare he make a break for it? ","{'labels': ['ambiguous', 'negative'], 'scores': [0.38792914, 0.32662433]}"
54,"But he hadn't walked five paces before a high voice spoke, though Quirrell wasn't moving his lips. ","{'labels': ['neutral'], 'scores': [0.99941885]}"
55,"""He lies... He lies..."" ","{'labels': ['neutral'], 'scores': [0.99966]}"
56,"""Potter, come back here!"" Quirrell shouted. ""Tell me the truth! What did you just see?"" ","{'labels': ['ambiguous', 'neutral'], 'scores': [0.36115584, 0.9914791]}"
57,The high voice spoke again. ,"{'labels': ['neutral'], 'scores': [0.9988846]}"
58,"""Let me speak to him... face-to-face..."" ","{'labels': ['neutral'], 'scores': [0.9988286]}"
59,"""Master, you are not strong enough!"" ","{'labels': ['negative'], 'scores': [0.9982919]}"
60,"""I have strength enough... for this..."" ","{'labels': ['positive'], 'scores': [0.99903274]}"
61,"Harry felt as if Devil's Snare was rooting him to the spot. He couldn't move a muscle. Petrified, he watched as Quirrell reached up and began to unwrap his turban. What was going on? The turban fell away. Quirrell's head looked strangely small without it. Then he turned slowly on the spot. ","{'labels': ['negative'], 'scores': [0.9948891]}"
62,"Harry would have screamed, but he couldn't make a sound. Where there should have been a back to Quirrell's head, there was a face, the most terrible face Harry had ever seen. It was chalk white with glaring red eyes and slits for nostrils, like a snake. ","{'labels': ['negative', 'neutral'], 'scores': [0.9973653, 0.3833449]}"
63,"""Harry Potter..."" it whispered. ","{'labels': ['neutral'], 'scores': [0.9989543]}"
64,Harry tried to take a step backward but his legs wouldn't move. ,"{'labels': ['neutral'], 'scores': [0.9981674]}"
65,"""See what I have become?"" the face said. ""Mere shadow and vapor... I have form only when I can share another's body... but there have always been those willing to let me into their hearts and minds... Unicorn blood has strengthened me, these past weeks... you saw faithful Quirrell drinking it for me in the forest... and once I have the Elixir of Life, I will be able to create a body of my own... Now... why don't you give me that Stone in your pocket?"" ","{'labels': ['neutral'], 'scores': [0.9994104]}"
66,So he knew. The feeling suddenly surged back into Harry's legs. He stumbled backward. ,"{'labels': ['negative', 'neutral'], 'scores': [0.8408577, 0.7025411]}"
67,"""Don't be a fool,"" snarled the face. ""Better save your own life and join me... or you'll meet the same end as your parents... They died begging me for mercy..."" ","{'labels': ['negative', 'neutral'], 'scores': [0.9790684, 0.78513443]}"
68,"""LIAR!"" Harry shouted suddenly. ","{'labels': ['neutral'], 'scores': [0.9987055]}"
69,"Quirrell was walking backward at him, so that Voldemort could still see him. The evil face was now smiling. ","{'labels': ['neutral'], 'scores': [0.99957174]}"
70,"""How touching..."" it hissed. ""I always value bravery... Yes, boy, your parents were brave... I killed your father first; and he put up a courageous fight... but your mother needn't have died... she was trying to protect you... Now give me the Stone, unless you want her to have died in vain."" ","{'labels': ['positive'], 'scores': [0.9797794]}"
71,"""NEVER!"" ","{'labels': ['neutral'], 'scores': [0.9981299]}"
72,"Harry sprang toward the flame door, but Voldemort screamed ""SEIZE HIM!"" and the next second, Harry felt Quirrell's hand close on his wrist. At once, a needle-sharp pain seared across Harry's scar; his head felt as though it was about to split in two; he yelled, struggling with all his might, and to his surprise, Quirrell let go of him. The pain in his head lessened -- he looked around wildly to see where Quirrell had gone, and saw him hunched in pain, looking at his fingers -- they were blistering before his eyes. ","{'labels': ['ambiguous', 'negative'], 'scores': [0.95025223, 0.94462943]}"
73,"""Seize him! SEIZE HIM!"" shrieked Voldemort again, and Quirrell lunged, knocking Harry clean off his feet landing on top of him, both hands around Harry's neck -- Harry's scar was almost blinding him with pain, yet he could see Quirrell howling in agony. ","{'labels': ['negative', 'neutral'], 'scores': [0.97769177, 0.754576]}"
74,"""Master, I cannot hold him -- my hands -- my hands!"" ","{'labels': ['negative', 'neutral'], 'scores': [0.99424136, 0.98849046]}"
75,"And Quirrell, though pinning Harry to the ground with his knees, let go of his neck and stared, bewildered, at his own palms -- Harry could see they looked burned, raw, red, and shiny. ","{'labels': ['ambiguous'], 'scores': [0.9986625]}"
76,"""Then kill him, fool, and be done!"" screeched Voldemort. ","{'labels': ['negative'], 'scores': [0.9961642]}"
77,"Quirrell raised his hand to perform a deadly curse, but Harry, by instinct, reached up and grabbed Quirrell's face -- ","{'labels': ['negative', 'neutral'], 'scores': [0.36906978, 0.99920064]}"
78,"""AAAARGH!"" ","{'labels': ['negative', 'neutral'], 'scores': [0.86209494, 0.97983783]}"
79,"Quirrell rolled off him, his face blistering, too, and then Harry knew: Quirrell couldn't touch his bare skin, not without suffering terrible pain -- his only chance was to keep hold of Quirrell, keep him in enough pain to stop him from doing a curse. ","{'labels': ['negative', 'neutral'], 'scores': [0.75386804, 0.99530005]}"
80,"Harry jumped to his feet, caught Quirrell by the arm, and hung on as tight as he could. Quirrell screamed and tried to throw Harry off -- the pain in Harry's head was building -- he couldn't see -- he could only hear Quirrell's terrible shrieks and Voldemort's yells of, ""KILL HIM! KILL HIM!"" and other voices, maybe in Harry's own head, crying, ""Harry! Harry!"" ","{'labels': ['negative', 'neutral'], 'scores': [0.48397115, 0.9934006]}"
81,"He felt Quirrell's arm wrenched from his grasp, knew all was lost, and fell into blackness, down... down... down... ","{'labels': ['negative'], 'scores': [0.9901736]}"
82,"Something gold was glinting just above him. The Snitch! He tried to catch it, but his arms were too heavy. ","{'labels': ['neutral'], 'scores': [0.9987463]}"
83,He blinked. It wasn't the Snitch at all. It was a pair of glasses. How strange. ,"{'labels': ['ambiguous'], 'scores': [0.99864596]}"
84,He blinked again. The smiling face of Albus Dumbledore swam into view above him. ,"{'labels': ['neutral'], 'scores': [0.9992219]}"
85,"""Good afternoon, Harry,"" said Dumbledore. ","{'labels': ['neutral', 'positive'], 'scores': [0.78005517, 0.7663175]}"
86,"Harry stared at him. Then he remembered: ""Sir! The Stone! It was Quirrell! He's got the Stone! Sir, quick --"" ","{'labels': ['neutral'], 'scores': [0.9991295]}"
87,"""Calm yourself, dear boy, you are a little behind the times,"" said Dumbledore. ""Quirrell does not have the Stone."" ","{'labels': ['neutral'], 'scores': [0.99977285]}"
88,"""Then who does? Sir, I --"" ","{'labels': ['ambiguous'], 'scores': [0.98628867]}"
89,"""Harry, please relax, or Madam Pomfrey will have me thrown out."" ","{'labels': ['neutral'], 'scores': [0.9984464]}"
90,"Harry swallowed and looked around him. He realized he must be in the hospital wing. He was lying in a bed with white linen sheets, and next to him was a table piled high with what looked like half the candy shop. ","{'labels': ['ambiguous'], 'scores': [0.99937063]}"
91,"""Tokens from your friends and admirers,"" said Dumbledore, beaming. ""What happened down in the dungeons between you and Professor Quirrell is a complete secret, so, naturally, the whole school knows. I believe your friends Misters Fred and George Weasley were responsible for trying to send you a toilet seat. No doubt they thought it would amuse you. Madam Pomfrey, however, felt it might not be very hygienic, and confiscated it."" ","{'labels': ['neutral'], 'scores': [0.9997278]}"
92,"""How long have I been in here?"" ","{'labels': ['ambiguous'], 'scores': [0.9934088]}"
93,"""Three days. Mr. Ronald Weasley and Miss Granger will be most relieved you have come round, they have been extremely worried."" ","{'labels': ['negative', 'positive'], 'scores': [0.33644018, 0.6913262]}"
94,"""But sir, the Stone --"" ","{'labels': ['neutral'], 'scores': [0.9995931]}"
95,"""I see you are not to be distracted. Very well, the Stone. Professor Quirrell did not manage to take it from you. I arrived in time to prevent that, although you were doing very well on your own, I must say."" ","{'labels': ['neutral'], 'scores': [0.9993849]}"
96,"""You got there? You got Hermione's owl?"" ","{'labels': ['neutral'], 'scores': [0.9908608]}"
97,"""We must have crossed in midair. No sooner had I reached London than it became clear to me that the place I should be was the one I had just left. I arrived just in time to pull Quirrell off you."" ","{'labels': ['ambiguous', 'neutral'], 'scores': [0.90893567, 0.9841583]}"
98,"""It was you."" ","{'labels': ['neutral'], 'scores': [0.99831235]}"
99,"""I feared I might be too late."" ","{'labels': ['negative'], 'scores': [0.9982955]}"
100,"""You nearly were, I couldn't have kept him off the Stone much longer -"" ","{'labels': ['neutral'], 'scores': [0.99909294]}"
101,"""Not the Stone, boy, you -- the effort involved nearly killed you. For one terrible moment there, I was afraid it had. As for the Stone, it has been destroyed."" ","{'labels': ['negative'], 'scores': [0.9986525]}"
102,"""Destroyed?"" said Harry blankly. ""But your friend -- Nicolas Flamel --"" ","{'labels': ['ambiguous'], 'scores': [0.9950069]}"
103,"""Oh, you know about Nicolas?"" said Dumbledore, sounding quite delighted. ""You did do the thing properly, didn't you? Well, Nicolas and I have had a little chat, and agreed it's all for the best."" ","{'labels': ['positive'], 'scores': [0.9995795]}"
104,"""But that means he and his wife will die, won't they?"" ","{'labels': ['ambiguous'], 'scores': [0.998569]}"
105,"""They have enough Elixir stored to set their affairs in order and then, yes, they will die."" ","{'labels': ['neutral'], 'scores': [0.99940693]}"
106,Dumbledore smiled at the look of amazement on Harry's face. ,"{'labels': ['ambiguous', 'positive'], 'scores': [0.96559215, 0.9974208]}"
107,"""To one as young as you, I'm sure it seems incredible, but to Nicolas and Perenelle, it really is like going to bed after a very, very long day. After all, to the well-organized mind, death is but the next great adventure. You know, the Stone was really not such a wonderful thing. As much money and life as you could want! The two things most human beings would choose above all -- the trouble is, humans do have a knack of choosing precisely those things that are worst for them."" ","{'labels': ['negative', 'neutral'], 'scores': [0.36164212, 0.79145026]}"
108,"Harry lay there, lost for words. Dumbledore hummed a little and smiled at the ceiling. ","{'labels': ['negative'], 'scores': [0.9984713]}"
109,"""Sir?"" said Harry. ""I've been thinking... sir -- even if the Stone's gone, Vol-, I mean, You-Know-Who --"" ","{'labels': ['neutral'], 'scores': [0.99964917]}"
110,"""Call him Voldemort, Harry. Always use the proper name for things. Fear of a name increases fear of the thing itself."" ","{'labels': ['negative', 'positive'], 'scores': [0.5164015, 0.9821276]}"
111,"""Yes, sir. Well, Voldemort's going to try other ways of coming back, isn't he? I mean, he hasn't gone, has he?"" ","{'labels': ['ambiguous'], 'scores': [0.9894511]}"
112,"""No, Harry, he has not. He is still out there somewhere, perhaps looking for another body to share... not being truly alive, he cannot be killed. He left Quirrell to die; he shows just as little mercy to his followers as his enemies. Nevertheless, Harry, while you may only have delayed his return to power, it will merely take someone else who is prepared to fight what seems a losing battle next time -- and if he is delayed again, and again, why, he may never return to power."" ","{'labels': ['neutral'], 'scores': [0.9996543]}"
113,"Harry nodded, but stopped quickly, because it made his head hurt. Then he said, ""Sir, there are some other things I'd like to know, if you can tell me... things I want to know the truth about..."" ","{'labels': ['ambiguous', 'neutral'], 'scores': [0.32726005, 0.43121853]}"
114,"""The truth."" Dumbledore sighed. ""It is a beautiful and terrible thing, and should therefore be treated with great caution. However, I shall answer your questions unless I have a very good reason not to, in which case I beg you'll forgive me. I shall not, of course, lie."" ","{'labels': ['negative', 'positive'], 'scores': [0.99482095, 0.9743983]}"
115,"""Well... Voldemort said that he only killed my mother because she tried to stop him from killing me. But why would he want to kill me in the first place?"" ","{'labels': ['ambiguous', 'negative'], 'scores': [0.9905233, 0.6550967]}"
116,Dumbledore sighed very deeply this time. ,"{'labels': ['neutral'], 'scores': [0.9903376]}"
117,"""Alas, the first thing you ask me, I cannot tell you. Not today. Not now. You will know, one day... put it from your mind for now, Harry. When you are older... I know you hate to hear this... when you are ready, you will know."" ","{'labels': ['negative', 'neutral'], 'scores': [0.6707013, 0.99861455]}"
118,And Harry knew it would be no good to argue. ,"{'labels': ['negative'], 'scores': [0.99719244]}"
119,"""But why couldn't Quirrell touch me?"" ","{'labels': ['ambiguous'], 'scores': [0.98958874]}"
120,"""Your mother died to save you. If there is one thing Voldemort cannot understand, it is love. He didn't realize that love as powerful as your mother's for you leaves its own mark. Not a scar, no visible sign... to have been loved so deeply, even though the person who loved us is gone, will give us some protection forever. It is in your very skin. Quirrell, full of hatred, greed, and ambition, sharing his soul with Voldemort, could not touch you for this reason. It was agony to touch a person marked by something so good."" ","{'labels': ['negative'], 'scores': [0.99689615]}"
121,"Dumbledore now became very interested in a bird out on the windowsill, which gave Harry time to dry his eyes on the sheet. When he had found his voice again, Harry said, ""And the invisibility cloak -- do you know who sent it to me?"" ","{'labels': ['ambiguous', 'neutral'], 'scores': [0.99348396, 0.4321245]}"
122,"""Ah -- your father happened to leave it in my possession, and I thought you might like it."" Dumbledore's eyes twinkled. ""Useful things... your father used it mainly for sneaking off to the kitchens to steal food when he was here."" ","{'labels': ['positive'], 'scores': [0.969185]}"
123,"""And there's something else..."" ","{'labels': ['neutral'], 'scores': [0.99897385]}"
124,"""Fire away."" ","{'labels': ['negative'], 'scores': [0.99779475]}"
125,"""Quirrell said Snape --"" ","{'labels': ['neutral'], 'scores': [0.999383]}"
126,"""Professor Snape, Harry."" ","{'labels': ['neutral'], 'scores': [0.99934703]}"
127,"""Yes, him -- Quirrell said he hates me because he hated my father. Is that true?"" ","{'labels': ['neutral'], 'scores': [0.9952247]}"
128,"""Well, they did rather detest each other. Not unlike yourself and Mr. Malfoy. And then, your father did something Snape could never forgive."" ","{'labels': ['neutral'], 'scores': [0.9996884]}"
129,"""What?"" ","{'labels': ['neutral'], 'scores': [0.9711392]}"
130,"""He saved his life."" ","{'labels': ['neutral'], 'scores': [0.99881786]}"
131,"""What?"" ","{'labels': ['neutral'], 'scores': [0.9711392]}"
132,"""Yes..."" said Dumbledore dreamily. ""Funny, the way people's minds work, isn't it? Professor Snape couldn't bear being in your father's debt... I do believe he worked so hard to protect you this year because he felt that would make him and your father even. Then he could go back to hating your father's memory in peace..."" ","{'labels': ['positive'], 'scores': [0.99940884]}"
133,"Harry tried to understand this but it made his head pound, so he stopped. ","{'labels': ['neutral'], 'scores': [0.98199505]}"
134,"""And sir, there's one more thing..."" ","{'labels': ['neutral'], 'scores': [0.9995623]}"
135,"""Just the one?"" ","{'labels': ['neutral'], 'scores': [0.99807787]}"
136,"""How did I get the Stone out of the mirror?"" ","{'labels': ['ambiguous'], 'scores': [0.9975737]}"
137,"""Ah, now, I'm glad you asked me that. It was one of my more brilliant ideas, and between you and me, that's saying something. You see, only one who wanted to find the Stone -- find it, but not use it -- would be able to get it, otherwise they'd just see themselves making gold or drinking Elixir of Life. My brain surprises even me sometimes... Now, enough questions. I suggest you make a start on these sweets. Ah! Bettie Bott's Every Flavor Beans! I was unfortunate enough in my youth to come across a vomit flavored one, and since then I'm afraid I've rather lost my liking for them -- but I think I'll be safe with a nice toffee, don't you?"" ","{'labels': ['positive'], 'scores': [0.97453135]}"
138,"He smiled and popped the golden-brown bean into his mouth. Then he choked and said, ""Alas! Ear wax!"" ","{'labels': ['neutral', 'positive'], 'scores': [0.9564101, 0.917731]}"
139,"Madam Pomfrey, the nurse, was a nice woman, but very strict. ","{'labels': ['positive'], 'scores': [0.9989079]}"
140,"""Just five minutes,"" Harry pleaded. ","{'labels': ['negative', 'neutral'], 'scores': [0.6210044, 0.98033834]}"
141,"""Absolutely not."" ","{'labels': ['negative'], 'scores': [0.9971635]}"
142,"""You let Professor Dumbledore in..."" ","{'labels': ['neutral'], 'scores': [0.9988427]}"
143,"""Well, of course, that was the headmaster, quite different. You need rest."" ","{'labels': ['positive'], 'scores': [0.9982948]}"
144,"""I am resting, look, lying down and everything. Oh, go on, Madam Pomfrey..."" ","{'labels': ['neutral'], 'scores': [0.99949014]}"
145,"""Oh, very well,"" she said. ""But five minutes only."" ","{'labels': ['neutral'], 'scores': [0.9995091]}"
146,And she let Ron and Hermione in. ,"{'labels': ['neutral'], 'scores': [0.99922204]}"
147,"""Harry!"" ","{'labels': ['neutral'], 'scores': [0.9864818]}"
148,"Hermione looked ready to fling her arms around him again, but Harry was glad she held herself in as his head was still very sore. ","{'labels': ['neutral'], 'scores': [0.99940586]}"
149,"""Oh, Harry, we were sure you were going to -- Dumbledore was so worried --"" ","{'labels': ['negative', 'neutral'], 'scores': [0.7406455, 0.97031814]}"
150,"""The whole school's talking about it,"" said Ron. ""What really happened?"" ","{'labels': ['ambiguous', 'neutral'], 'scores': [0.8750301, 0.6935574]}"
151,"It was one of those rare occasions when the true story is even more strange and exciting than the wild rumors. Harry told them everything: Quirrell; the mirror; the Stone; and Voldemort. Ron and Hermione were a very good audience; they gasped in all the right places, and when Harry told them what was under Quirrell's turban, Hermione screamed out loud. ","{'labels': ['neutral'], 'scores': [0.99961334]}"
152,"""So the Stone's gone?"" said Ron finally. ""Flamel's just going to die?"" ","{'labels': ['ambiguous'], 'scores': [0.9927053]}"
153,"""That's what I said, but Dumbledore thinks that -- what was it? -- 'to the well-organized mind, death is but the next great adventure.'"" ","{'labels': ['positive'], 'scores': [0.997971]}"
154,"""I always said he was off his rocker,"" said Ron, looking quite impressed at how crazy his hero was. ","{'labels': ['positive'], 'scores': [0.9989636]}"
155,"""So what happened to you two?"" said Harry. ","{'labels': ['ambiguous', 'neutral'], 'scores': [0.32641408, 0.93191004]}"
156,"""Well, I got back all right,"" said Hermione. ""I brought Ron round -- that took a while -- and we were dashing up to the owlery to contact Dumbledore when we met him in the entrance hall -- he already knew -- he just said, 'Harry's gone after him, hasn't he?' and hurtled off to the third floor."" ","{'labels': ['neutral'], 'scores': [0.99949324]}"
157,"""D'you think he meant you to do it?"" said Ron. ""Sending you your father's cloak and everything?"" ","{'labels': ['ambiguous', 'neutral'], 'scores': [0.95198184, 0.77813196]}"
158,"""Well, "" Hermione exploded, ""if he did -- I mean to say that's terrible -- you could have been killed."" ","{'labels': ['negative'], 'scores': [0.9902805]}"
159,"""No, it isn't,"" said Harry thoughtfully. ""He's a funny man, Dumbledore. I think he sort of wanted to give me a chance. I think he knows more or less everything that goes on here, you know. I reckon he had a pretty good idea we were going to try, and instead of stopping us, he just taught us enough to help. I don't think it was an accident he let me find out how the mirror worked. It's almost like he thought I had the right to face Voldemort if I could..."" ","{'labels': ['positive'], 'scores': [0.9957949]}"
160,"""Yeah, Dumbledore's off his rocker, all right,"" said Ron proudly. ""Listen, you've got to be up for the end-of-year feast tomorrow. The points are all in and Slytherin won, of course -- you missed the last Quidditch match, we were steamrollered by Ravenclaw without you -- but the food'll be good."" ","{'labels': ['positive'], 'scores': [0.99920064]}"
161,"At that moment, Madam Pomfrey bustled over. ","{'labels': ['neutral'], 'scores': [0.99845386]}"
162,"""You've had nearly fifteen minutes, now OUT"" she said firmly. ","{'labels': ['negative'], 'scores': [0.9510613]}"
163,"After a good night's sleep, Harry felt nearly back to normal. ","{'labels': ['positive'], 'scores': [0.99239373]}"
164,"""I want to go to the feast,"" he told Madam Pomfrey as she straightened his many candy boxes. ""I can, can't I?"" ","{'labels': ['neutral'], 'scores': [0.9978258]}"
165,"""Professor Dumbledore says you are to be allowed to go,"" she said stiffly, as though in her opinion Professor Dumbledore didn't realize how risky feasts could be. ""And you have another visitor."" ","{'labels': ['neutral'], 'scores': [0.99909127]}"
166,"""Oh, good,"" said Harry. ""Who is it?"" ","{'labels': ['positive'], 'scores': [0.94123]}"
167,"Hagrid sidled through the door as he spoke. As usual when he was indoors, Hagrid looked too big to be allowed. He sat down next to Harry, took one look at him, and burst into tears. ","{'labels': ['neutral'], 'scores': [0.99904317]}"
168,"""It's -- all -- my -- ruddy -- fault!"" he sobbed, his face in his hands. ""I told the evil git how ter get past Fluffy! I told him! It was the only thing he didn't know, an' I told him! Yeh could've died! All fer a dragon egg! I'll never drink again! I should be chucked out an' made ter live as a Muggle!"" ","{'labels': ['neutral'], 'scores': [0.9977055]}"
169,"""Hagrid!"" said Harry, shocked to see Hagrid shaking with grief and remorse, great tears leaking down into his beard. ""Hagrid, he'd have found out somehow, this is Voldemort we're talking about, he'd have found out even if you hadn't told him."" ","{'labels': ['ambiguous'], 'scores': [0.9981304]}"
170,"""Yeh could've died!"" sobbed Hagrid. ""An' don' say the name!"" ","{'labels': ['negative'], 'scores': [0.9538335]}"
171,"""VOLDEMORT!"" Harry bellowed, and Hagrid was so shocked, he stopped crying. ""I've met him and I'm calling him by his name. Please cheer up, Hagrid, we saved the Stone, it's gone, he can't use it. Have a Chocolate Frog, I've got loads..."" ","{'labels': ['positive'], 'scores': [0.53340524]}"
172,"Hagrid wiped his nose on the back of his hand and said, ""That reminds me. I've got yeh a present."" ","{'labels': ['neutral'], 'scores': [0.9954181]}"
173,"""It's not a stoat sandwich, is it?"" said Harry anxiously, and at last Hagrid gave a weak chuckle. ","{'labels': [], 'scores': []}"
174,"""Nah. Dumbledore gave me the day off yesterday ter fix it. 'course, he shoulda sacked me instead -- anyway, got yeh this..."" ","{'labels': ['neutral'], 'scores': [0.99931514]}"
175,"It seemed to be a handsome, leather-covered book. Harry opened it curiously. It was full of wizard photographs. Smiling and waving at him from every page were his mother and father. ","{'labels': ['ambiguous', 'positive'], 'scores': [0.99928445, 0.9771911]}"
176,"""Sent owls off ter all yer parents' old school friends, askin' fer photos... knew yeh didn' have any... d'yeh like it?"" ","{'labels': ['neutral'], 'scores': [0.9990042]}"
177,"Harry couldn't speak, but Hagrid understood. ","{'labels': ['neutral', 'positive'], 'scores': [0.31474507, 0.99478096]}"
178,"Harry made his way down to the end-of-year feast alone that night. He had been held up by Madam Pomfrey's fussing about, insisting on giving him one last checkup, so the Great Hall was already full. It was decked out in the Slytherin colors of green and silver to celebrate Slytherin's winning the house cup for the seventh year in a row. A huge banner showing the Slytherin serpent covered the wall behind the High Table. ","{'labels': ['neutral'], 'scores': [0.9970017]}"
179,"When Harry walked in there was a sudden hush, and then everybody started talking loudly at once. He slipped into a seat between Ron and Hermione at the Gryffindor table and tried to ignore the fact that people were standing up to look at him. ","{'labels': ['neutral'], 'scores': [0.9990514]}"
180,"Fortunately, Dumbledore arrived moments later. The babble died away. ","{'labels': ['positive'], 'scores': [0.99810284]}"
181,"""Another year gone!"" Dumbledore said cheerfully. ""And I must trouble you with an old man's wheezing waffle before we sink our teeth into our delicious feast. What a year it has been! Hopefully your heads are all a little fuller than they were... you have the whole summer ahead to get them nice and empty before next year starts... ","{'labels': ['positive'], 'scores': [0.9989003]}"
182,"""Now, as I understand it, the house cup here needs awarding, and the points stand thus: In fourth place, Gryffindor, with three hundred and twelve points; in third, Hufflepuff, with three hundred and fifty-two; Ravenclaw has four hundred and twenty-six and Slytherin, four hundred and seventy-two."" ","{'labels': ['neutral'], 'scores': [0.9994862]}"
183,A storm of cheering and stamping broke out from the Slytherin table. Harry could see Draco Malfoy banging his goblet on the table. It was a sickening sight. ,"{'labels': ['neutral'], 'scores': [0.9949233]}"
184,"""Yes, Yes, well done, Slytherin,"" said Dumbledore. ""However, recent events must be taken into account."" ","{'labels': ['positive'], 'scores': [0.9994499]}"
185,The room went very still. The Slytherins' smiles faded a little. ,"{'labels': ['negative', 'neutral'], 'scores': [0.5698867, 0.87668693]}"
186,"""Ahem,"" said Dumbledore. ""I have a few last-minute points to dish out. Let me see. Yes... ","{'labels': ['neutral'], 'scores': [0.99427783]}"
187,"""First -- to Mr. Ronald Weasley..."" ","{'labels': ['neutral'], 'scores': [0.99864584]}"
188,Ron went purple in the face; he looked like a radish with a bad sunburn. ,"{'labels': ['negative', 'neutral'], 'scores': [0.5019736, 0.9808492]}"
189,"""... for the best-played game of chess Hogwarts has seen in many years, I award Gryffindor house fifty points."" ","{'labels': ['positive'], 'scores': [0.99903]}"
190,"Gryffindor cheers nearly raised the bewitched ceiling; the stars overhead seemed to quiver. Percy could be heard telling the other prefects, ""My brother, you know! My youngest brother! Got past McGonagall's giant chess set!"" ","{'labels': ['neutral'], 'scores': [0.98898673]}"
191,At last there was silence again. ,"{'labels': ['negative'], 'scores': [0.9953734]}"
192,"""Second -- to Miss Hermione Granger... for the use of cool logic in the face of fire, I award Gryffindor house fifty points."" ","{'labels': ['positive'], 'scores': [0.99864167]}"
193,Hermione buried her face in her arms; Harry strongly suspected she had burst into tears. Gryffindors up and down the table were beside themselves -- they were a hundred points up. ,"{'labels': ['neutral'], 'scores': [0.99765354]}"
194,"""Third -- to Mr. Harry Potter..."" said Dumbledore. The room went deadly quiet. ""... for pure nerve and outstanding courage, I award Gryffindor house sixty points."" ","{'labels': ['positive'], 'scores': [0.9985569]}"
195,The din was deafening. Those who could add up while yelling themselves hoarse knew that Gryffindor now had four hundred and seventy-two points -- exactly the same as Slytherin. They had tied for the house cup -- if only Dumbledore had given Harry just one more point. ,"{'labels': ['neutral', 'positive'], 'scores': [0.5540998, 0.6738899]}"
196,Dumbledore raised his hand. The room gradually fell silent. ,"{'labels': ['neutral'], 'scores': [0.99132526]}"
197,"""There are all kinds of courage,"" said Dumbledore, smiling. ""It takes a great deal of bravery to stand up to our enemies, but just as much to stand up to our friends. I therefore award ten points to Mr. Neville Longbottom."" ","{'labels': ['positive'], 'scores': [0.999382]}"
198,"Someone standing outside the Great Hall might well have thought some sort of explosion had taken place, so loud was the noise that erupted from the Gryffindor table. Harry, Ron, and Hermione stood up to yell and cheer as Neville, white with shock, disappeared under a pile of people hugging him. He had never won so much as a point for Gryffindor before. Harry, still cheering, nudged Ron in the ribs and pointed at Malfoy, who couldn't have looked more stunned and horrified if he'd just had the Body-Bind Curse put on him. ","{'labels': ['negative', 'neutral'], 'scores': [0.43816593, 0.39354986]}"
199,"""Which means,"" Dumbledore called over the storm of applause, for even Ravenclaw and Hufflepuff were celebrating the downfall of Slytherin, ""we need a little change of decoration."" ","{'labels': ['positive'], 'scores': [0.9990159]}"
200,"He clapped his hands. In an instant, the green hangings became scarlet and the silver became gold; the huge Slytherin serpent vanished and a towering Gryffindor lion took its place. Snape was shaking Professor McGonagall's hand, with a horrible, forced smile. He caught Harry's eye and Harry knew at once that Snape's feelings toward him hadn't changed one jot. This didn't worry Harry. It seemed as though life would be back to normal next year, or as normal as it ever was at Hogwarts. ","{'labels': ['neutral'], 'scores': [0.99707544]}"
201,"It was the best evening of Harry's life, better than winning at Quidditch, or Christmas, or knocking out mountain trolls... he would never, ever forget tonight. ","{'labels': ['positive'], 'scores': [0.99900645]}"
202,"Harry had almost forgotten that the exam results were still to come, but come they did. To their great surprise, both he and Ron passed with good marks; Hermione, of course, had the best grades of the first years. Even Neville scraped through, his good Herbology mark making up for his abysmal Potions one. They had hoped that Goyle, who was almost as stupid as he was mean, might be thrown out, but he had passed, too. It was a shame, but as Ron said, you couldn't have everything in life. ","{'labels': ['negative'], 'scores': [0.7809598]}"
203,"And suddenly, their wardrobes were empty, their trunks were packed, Neville's toad was found lurking in a corner of the toilets; notes were handed out to all students, warning them not to use magic over the holidays (""I always hope they'll forget to give us these,"" said Fred Weasley sadly); Hagrid was there to take them down to the fleet of boats that sailed across the lake; they were boarding the Hogwarts Express; talking and laughing as the countryside became greener and tidier; eating Bettie Bott's Every Flavor Beans as they sped past Muggle towns; pulling off their wizard robes and putting on jackets and coats; pulling into platform nine and three-quarters at King's Cross Station. ","{'labels': ['negative'], 'scores': [0.99325645]}"
204,"It took quite a while for them all to get off the platform. A wizened old guard was up by the ticket barrier, letting them go through the gate in twos and threes so they didn't attract attention by all bursting out of a solid wall at once and alarming the Muggles. ","{'labels': ['negative', 'neutral'], 'scores': [0.59579116, 0.99433386]}"
205,"""You must come and stay this summer,"" said Ron, ""both of you -- I'll send you an owl."" ","{'labels': ['neutral'], 'scores': [0.99950206]}"
206,"""Thanks,"" said Harry, ""I'll need something to look forward to."" People jostled them as they moved forward toward the gateway back to the Muggle world. Some of them called: ","{'labels': ['positive'], 'scores': [0.998995]}"
207,"""Bye, Harry!"" ","{'labels': ['neutral'], 'scores': [0.9434919]}"
208,"""See you, Potter!"" ","{'labels': ['neutral'], 'scores': [0.9945456]}"
209,"""Still famous,"" said Ron, grinning at him. ","{'labels': ['positive'], 'scores': [0.9978607]}"
210,"""Not where I'm going, I promise you,"" said Harry. ","{'labels': ['neutral', 'positive'], 'scores': [0.85734195, 0.79156965]}"
211,"He, Ron, and Hermione passed through the gateway together. ""There he is, Mom, there he is, look!"" ","{'labels': ['neutral'], 'scores': [0.9993517]}"
212,"It was Ginny Weasley, Ron's younger sister, but she wasn't pointing at Ron. ","{'labels': ['neutral'], 'scores': [0.9997905]}"
213,"""Harry Potter!"" she squealed. ""Look, Mom! I can see --"" ","{'labels': ['positive'], 'scores': [0.9978389]}"
214,"""Be quiet, Ginny, and it's rude to point."" ","{'labels': ['negative'], 'scores': [0.9986572]}"
215,Mrs. Weasley smiled down at them. ,"{'labels': ['neutral'], 'scores': [0.9982784]}"
216,"""Busy year?"" she said. ","{'labels': ['ambiguous'], 'scores': [0.9980703]}"
217,"""Very,"" said Harry. ""Thanks for the fudge and the sweater, Mrs. Weasley."" ","{'labels': ['positive'], 'scores': [0.99885345]}"
218,"""Oh, it was nothing, dear."" ","{'labels': ['positive'], 'scores': [0.8303997]}"
219,"""Ready, are you?"" ","{'labels': ['positive'], 'scores': [0.9754646]}"
220,"It was Uncle Vernon, still purple-faced, still mustached, still looking furious at the nerve of Harry, carrying an owl in a cage in a station full of ordinary people. Behind him stood Aunt Petunia and Dudley, looking terrified at the very sight of Harry. ","{'labels': ['negative'], 'scores': [0.9976248]}"
221,"""You must be Harry's family!"" said Mrs. Weasley. ","{'labels': ['neutral'], 'scores': [0.9975682]}"
222,"""In a manner of speaking,"" said Uncle Vernon. ""Hurry up, boy, we haven't got all day."" He walked away. ","{'labels': ['neutral'], 'scores': [0.9994499]}"
223,Harry hung back for a last word with Ron and Hermione. ,"{'labels': ['neutral'], 'scores': [0.99948776]}"
224,"""See you over the summer, then."" ","{'labels': ['neutral'], 'scores': [0.9987546]}"
225,"""Hope you have -- er -- a good holiday,"" said Hermione, looking uncertainly after Uncle Vernon, shocked that anyone could be so unpleasant. ","{'labels': ['ambiguous', 'positive'], 'scores': [0.466175, 0.9967384]}"
226,"""Oh, I will,"" said Harry, and they were surprised at the grin that was spreading over his face. ""They don't know we're not allowed to use magic at home. I'm going to have a lot of fun with Dudley this summer..."" ","{'labels': ['ambiguous'], 'scores': [0.9061889]}"
